edge_index,type,realisation,gate_name,role,edge_args,edge_metadata
0,c,a,measure,,,
1,c,a,measure,,,
2,c,a,measure,,,
3,c,a,measure,,,
4,c,a,measure,,,
5,c,a,measure,,,
6,c,a,measure,,,
7,c,a,measure,,,
8,c,a,measure,,,
9,c,a,measure,,,
10,c,a,measure,,,
11,c,a,measure,,,
12,c,a,measure,,,
13,c,a,measure,,,
14,c,a,measure,,,
15,c,a,measure,,,
16,c,a,measure,,,
17,c,a,measure,,,
18,c,a,measure,,,
19,c,a,measure,,,
20,c,a,measure,,,
21,c,a,measure,,,
22,c,a,measure,,,
23,c,a,measure,,,
24,c,a,measure,,,
25,c,a,measure,,,
26,c,a,measure,,,
27,c,a,measure,,,
28,c,a,measure,,,
29,c,a,measure,,,
30,c,a,measure,,,
31,c,a,measure,,,
32,c,a,measure,,,
33,c,a,measure,,,
34,c,a,measure,,,
35,c,a,measure,,,
36,c,a,measure,,,
37,c,a,measure,,,
38,c,a,measure,,,
39,c,a,measure,,,
40,c,a,measure,,,
41,c,a,measure,,,
42,c,a,measure,,,
43,c,a,measure,,,
44,c,a,measure,,,
45,c,a,measure,,,
46,c,a,measure,,,
47,c,a,measure,,,
48,c,a,measure,,,
49,c,a,measure,,,
50,c,a,measure,,,
51,c,a,measure,,,
52,c,a,measure,,,
53,c,a,measure,,,
54,c,a,measure,,,
55,c,a,measure,,,
56,c,a,measure,,,
57,c,a,measure,,,
58,c,a,measure,,,
59,c,a,measure,,,
60,c,a,measure,,,
61,c,a,measure,,,
62,c,a,measure,,,
63,c,a,measure,,,
64,c,a,measure,,,
65,c,a,measure,,,
66,c,a,measure,,,
67,c,a,measure,,,
68,c,a,measure,,,
69,c,a,measure,,,
70,c,a,measure,,,
71,c,a,measure,,,
72,c,a,measure,,,
73,c,a,measure,,,
74,c,a,measure,,,
75,c,a,measure,,,
76,c,a,measure,,,
77,c,a,measure,,,
78,c,a,measure,,,
79,c,a,measure,,,
80,c,a,measure,,,
81,c,a,measure,,,
82,c,a,measure,,,
83,c,a,measure,,,
84,c,a,measure,,,
85,c,a,measure,,,
86,c,a,measure,,,
87,c,a,measure,,,
88,c,a,measure,,,
89,c,a,measure,,,
90,c,a,measure,,,
91,c,a,measure,,,
92,c,a,measure,,,
93,c,a,measure,,,
94,c,a,measure,,,
95,c,a,measure,,,
96,c,a,measure,,,
97,c,a,measure,,,
98,c,a,measure,,,
99,c,a,measure,,,
100,c,a,measure,,,
101,c,a,measure,,,
102,c,a,measure,,,
103,c,a,measure,,,
104,c,a,measure,,,
105,c,a,measure,,,
106,c,a,measure,,,
107,c,a,measure,,,
108,c,a,measure,,,
109,c,a,measure,,,
110,c,a,measure,,,
111,c,a,measure,,,
112,c,a,measure,,,
113,q,a,u2,,"[[[0, 1]], [], [true]]",
114,q,a,cx_stage1,,"[[[0, 4], [113, 4]], [], [true, true]]",
115,q,a,cx_stage2,,"[[[0, 4], [113, 4]], [], [true, true]]",
116,q,a,cx_stage3,,"[[[0, 4], [113, 4]], [], [true, true]]",
117,q,a,u2,,"[[[0, 5]], [], [true]]",
118,q,a,u2,,"[[[100, 1]], [], [true]]",
119,q,a,cx_stage1,,"[[[100, 304], [113, 304]], [], [true, true]]",
120,q,a,cx_stage2,,"[[[100, 304], [113, 304]], [], [true, true]]",
121,q,a,cx_stage3,,"[[[100, 304], [113, 304]], [], [true, true]]",
122,q,a,u2,,"[[[100, 305]], [], [true]]",
123,q,a,h,,"[[[101, 1]], [], [true]]",
124,q,a,cx_stage1,,"[[[101, 307], [113, 307]], [], [true, true]]",
125,q,a,cx_stage2,,"[[[101, 307], [113, 307]], [], [true, true]]",
126,q,a,cx_stage3,,"[[[101, 307], [113, 307]], [], [true, true]]",
127,q,a,h,,"[[[101, 308]], [], [true]]",
128,q,a,h,,"[[[102, 1]], [], [true]]",
129,q,a,cx_stage1,,"[[[102, 310], [113, 310]], [], [true, true]]",
130,q,a,cx_stage2,,"[[[102, 310], [113, 310]], [], [true, true]]",
131,q,a,cx_stage3,,"[[[102, 310], [113, 310]], [], [true, true]]",
132,q,a,h,,"[[[102, 311]], [], [true]]",
133,q,a,u2,,"[[[103, 1]], [], [true]]",
134,q,a,cx_stage1,,"[[[103, 313], [113, 313]], [], [true, true]]",
135,q,a,cx_stage2,,"[[[103, 313], [113, 313]], [], [true, true]]",
136,q,a,cx_stage3,,"[[[103, 313], [113, 313]], [], [true, true]]",
137,q,a,u2,,"[[[103, 314]], [], [true]]",
138,q,a,h,,"[[[104, 1]], [], [true]]",
139,q,a,cx_stage1,,"[[[104, 316], [113, 316]], [], [true, true]]",
140,q,a,cx_stage2,,"[[[104, 316], [113, 316]], [], [true, true]]",
141,q,a,cx_stage3,,"[[[104, 316], [113, 316]], [], [true, true]]",
142,q,a,h,,"[[[104, 317]], [], [true]]",
143,q,a,h,,"[[[105, 1]], [], [true]]",
144,q,a,cx_stage1,,"[[[105, 319], [113, 319]], [], [true, true]]",
145,q,a,cx_stage2,,"[[[105, 319], [113, 319]], [], [true, true]]",
146,q,a,cx_stage3,,"[[[105, 319], [113, 319]], [], [true, true]]",
147,q,a,h,,"[[[105, 320]], [], [true]]",
148,q,a,u2,,"[[[106, 1]], [], [true]]",
149,q,a,cx_stage1,,"[[[106, 322], [113, 322]], [], [true, true]]",
150,q,a,cx_stage2,,"[[[106, 322], [113, 322]], [], [true, true]]",
151,q,a,cx_stage3,,"[[[106, 322], [113, 322]], [], [true, true]]",
152,q,a,u2,,"[[[106, 323]], [], [true]]",
153,q,a,h,,"[[[107, 1]], [], [true]]",
154,q,a,cx_stage1,,"[[[107, 325], [113, 325]], [], [true, true]]",
155,q,a,cx_stage2,,"[[[107, 325], [113, 325]], [], [true, true]]",
156,q,a,cx_stage3,,"[[[107, 325], [113, 325]], [], [true, true]]",
157,q,a,h,,"[[[107, 326]], [], [true]]",
158,q,a,h,,"[[[108, 1]], [], [true]]",
159,q,a,cx_stage1,,"[[[108, 328], [113, 328]], [], [true, true]]",
160,q,a,cx_stage2,,"[[[108, 328], [113, 328]], [], [true, true]]",
161,q,a,cx_stage3,,"[[[108, 328], [113, 328]], [], [true, true]]",
162,q,a,h,,"[[[108, 329]], [], [true]]",
163,q,a,h,,"[[[109, 1]], [], [true]]",
164,q,a,cx_stage1,,"[[[109, 331], [113, 331]], [], [true, true]]",
165,q,a,cx_stage2,,"[[[109, 331], [113, 331]], [], [true, true]]",
166,q,a,cx_stage3,,"[[[109, 331], [113, 331]], [], [true, true]]",
167,q,a,h,,"[[[109, 332]], [], [true]]",
168,q,a,h,,"[[[10, 1]], [], [true]]",
169,q,a,cx_stage1,,"[[[10, 34], [113, 34]], [], [true, true]]",
170,q,a,cx_stage2,,"[[[10, 34], [113, 34]], [], [true, true]]",
171,q,a,cx_stage3,,"[[[10, 34], [113, 34]], [], [true, true]]",
172,q,a,h,,"[[[10, 35]], [], [true]]",
173,q,a,h,,"[[[110, 1]], [], [true]]",
174,q,a,cx_stage1,,"[[[110, 334], [113, 334]], [], [true, true]]",
175,q,a,cx_stage2,,"[[[110, 334], [113, 334]], [], [true, true]]",
176,q,a,cx_stage3,,"[[[110, 334], [113, 334]], [], [true, true]]",
177,q,a,h,,"[[[110, 335]], [], [true]]",
178,q,a,h,,"[[[111, 1]], [], [true]]",
179,q,a,cx_stage1,,"[[[111, 337], [113, 337]], [], [true, true]]",
180,q,a,cx_stage2,,"[[[111, 337], [113, 337]], [], [true, true]]",
181,q,a,cx_stage3,,"[[[111, 337], [113, 337]], [], [true, true]]",
182,q,a,h,,"[[[111, 338]], [], [true]]",
183,q,a,h,,"[[[112, 1]], [], [true]]",
184,q,a,cx_stage1,,"[[[112, 340], [113, 340]], [], [true, true]]",
185,q,a,cx_stage2,,"[[[112, 340], [113, 340]], [], [true, true]]",
186,q,a,cx_stage3,,"[[[112, 340], [113, 340]], [], [true, true]]",
187,q,a,h,,"[[[112, 341]], [], [true]]",
188,q,a,u2,,"[[[113, 1]], [], [true]]",
189,q,a,cx_stage1,,"[[[0, 4], [113, 4]], [], [true, true]]",
190,q,a,cx_stage1,,"[[[3, 13], [113, 13]], [], [true, true]]",
191,q,a,cx_stage3,,"[[[2, 10], [113, 10]], [], [true, true]]",
192,q,a,cx_stage1,,"[[[33, 103], [113, 103]], [], [true, true]]",
193,q,a,cx_stage3,,"[[[32, 100], [113, 100]], [], [true, true]]",
194,q,a,cx_stage2,,"[[[33, 103], [113, 103]], [], [true, true]]",
195,q,a,cx_stage3,,"[[[33, 103], [113, 103]], [], [true, true]]",
196,q,a,cx_stage1,,"[[[34, 106], [113, 106]], [], [true, true]]",
197,q,a,cx_stage2,,"[[[34, 106], [113, 106]], [], [true, true]]",
198,q,a,cx_stage3,,"[[[34, 106], [113, 106]], [], [true, true]]",
199,q,a,cx_stage1,,"[[[35, 109], [113, 109]], [], [true, true]]",
200,q,a,cx_stage2,,"[[[35, 109], [113, 109]], [], [true, true]]",
201,q,a,cx_stage3,,"[[[35, 109], [113, 109]], [], [true, true]]",
202,q,a,cx_stage1,,"[[[36, 112], [113, 112]], [], [true, true]]",
203,q,a,cx_stage2,,"[[[3, 13], [113, 13]], [], [true, true]]",
204,q,a,cx_stage2,,"[[[36, 112], [113, 112]], [], [true, true]]",
205,q,a,cx_stage3,,"[[[36, 112], [113, 112]], [], [true, true]]",
206,q,a,cx_stage1,,"[[[37, 115], [113, 115]], [], [true, true]]",
207,q,a,cx_stage2,,"[[[37, 115], [113, 115]], [], [true, true]]",
208,q,a,cx_stage3,,"[[[37, 115], [113, 115]], [], [true, true]]",
209,q,a,cx_stage1,,"[[[38, 118], [113, 118]], [], [true, true]]",
210,q,a,cx_stage2,,"[[[38, 118], [113, 118]], [], [true, true]]",
211,q,a,cx_stage3,,"[[[38, 118], [113, 118]], [], [true, true]]",
212,q,a,cx_stage1,,"[[[39, 121], [113, 121]], [], [true, true]]",
213,q,a,cx_stage2,,"[[[39, 121], [113, 121]], [], [true, true]]",
214,q,a,cx_stage3,,"[[[3, 13], [113, 13]], [], [true, true]]",
215,q,a,cx_stage3,,"[[[39, 121], [113, 121]], [], [true, true]]",
216,q,a,cx_stage1,,"[[[40, 124], [113, 124]], [], [true, true]]",
217,q,a,cx_stage2,,"[[[40, 124], [113, 124]], [], [true, true]]",
218,q,a,cx_stage3,,"[[[40, 124], [113, 124]], [], [true, true]]",
219,q,a,cx_stage1,,"[[[41, 127], [113, 127]], [], [true, true]]",
220,q,a,cx_stage2,,"[[[41, 127], [113, 127]], [], [true, true]]",
221,q,a,cx_stage3,,"[[[41, 127], [113, 127]], [], [true, true]]",
222,q,a,cx_stage1,,"[[[42, 130], [113, 130]], [], [true, true]]",
223,q,a,cx_stage2,,"[[[42, 130], [113, 130]], [], [true, true]]",
224,q,a,cx_stage3,,"[[[42, 130], [113, 130]], [], [true, true]]",
225,q,a,cx_stage1,,"[[[4, 16], [113, 16]], [], [true, true]]",
226,q,a,cx_stage1,,"[[[43, 133], [113, 133]], [], [true, true]]",
227,q,a,cx_stage2,,"[[[43, 133], [113, 133]], [], [true, true]]",
228,q,a,cx_stage3,,"[[[43, 133], [113, 133]], [], [true, true]]",
229,q,a,cx_stage1,,"[[[44, 136], [113, 136]], [], [true, true]]",
230,q,a,cx_stage2,,"[[[44, 136], [113, 136]], [], [true, true]]",
231,q,a,cx_stage3,,"[[[44, 136], [113, 136]], [], [true, true]]",
232,q,a,cx_stage1,,"[[[45, 139], [113, 139]], [], [true, true]]",
233,q,a,cx_stage2,,"[[[45, 139], [113, 139]], [], [true, true]]",
234,q,a,cx_stage3,,"[[[45, 139], [113, 139]], [], [true, true]]",
235,q,a,cx_stage1,,"[[[46, 142], [113, 142]], [], [true, true]]",
236,q,a,cx_stage2,,"[[[4, 16], [113, 16]], [], [true, true]]",
237,q,a,cx_stage2,,"[[[46, 142], [113, 142]], [], [true, true]]",
238,q,a,cx_stage3,,"[[[46, 142], [113, 142]], [], [true, true]]",
239,q,a,cx_stage1,,"[[[47, 145], [113, 145]], [], [true, true]]",
240,q,a,cx_stage2,,"[[[47, 145], [113, 145]], [], [true, true]]",
241,q,a,cx_stage3,,"[[[47, 145], [113, 145]], [], [true, true]]",
242,q,a,cx_stage1,,"[[[48, 148], [113, 148]], [], [true, true]]",
243,q,a,cx_stage2,,"[[[48, 148], [113, 148]], [], [true, true]]",
244,q,a,cx_stage3,,"[[[48, 148], [113, 148]], [], [true, true]]",
245,q,a,cx_stage1,,"[[[49, 151], [113, 151]], [], [true, true]]",
246,q,a,cx_stage2,,"[[[49, 151], [113, 151]], [], [true, true]]",
247,q,a,cx_stage3,,"[[[4, 16], [113, 16]], [], [true, true]]",
248,q,a,cx_stage3,,"[[[49, 151], [113, 151]], [], [true, true]]",
249,q,a,cx_stage1,,"[[[50, 154], [113, 154]], [], [true, true]]",
250,q,a,cx_stage2,,"[[[50, 154], [113, 154]], [], [true, true]]",
251,q,a,cx_stage3,,"[[[50, 154], [113, 154]], [], [true, true]]",
252,q,a,cx_stage1,,"[[[51, 157], [113, 157]], [], [true, true]]",
253,q,a,cx_stage2,,"[[[51, 157], [113, 157]], [], [true, true]]",
254,q,a,cx_stage3,,"[[[51, 157], [113, 157]], [], [true, true]]",
255,q,a,cx_stage1,,"[[[52, 160], [113, 160]], [], [true, true]]",
256,q,a,cx_stage2,,"[[[52, 160], [113, 160]], [], [true, true]]",
257,q,a,cx_stage3,,"[[[52, 160], [113, 160]], [], [true, true]]",
258,q,a,cx_stage1,,"[[[5, 19], [113, 19]], [], [true, true]]",
259,q,a,cx_stage1,,"[[[53, 163], [113, 163]], [], [true, true]]",
260,q,a,cx_stage2,,"[[[53, 163], [113, 163]], [], [true, true]]",
261,q,a,cx_stage3,,"[[[53, 163], [113, 163]], [], [true, true]]",
262,q,a,cx_stage1,,"[[[54, 166], [113, 166]], [], [true, true]]",
263,q,a,cx_stage2,,"[[[54, 166], [113, 166]], [], [true, true]]",
264,q,a,cx_stage3,,"[[[54, 166], [113, 166]], [], [true, true]]",
265,q,a,cx_stage1,,"[[[55, 169], [113, 169]], [], [true, true]]",
266,q,a,cx_stage2,,"[[[55, 169], [113, 169]], [], [true, true]]",
267,q,a,cx_stage3,,"[[[55, 169], [113, 169]], [], [true, true]]",
268,q,a,cx_stage1,,"[[[56, 172], [113, 172]], [], [true, true]]",
269,q,a,cx_stage2,,"[[[5, 19], [113, 19]], [], [true, true]]",
270,q,a,cx_stage2,,"[[[56, 172], [113, 172]], [], [true, true]]",
271,q,a,cx_stage3,,"[[[56, 172], [113, 172]], [], [true, true]]",
272,q,a,cx_stage1,,"[[[57, 175], [113, 175]], [], [true, true]]",
273,q,a,cx_stage2,,"[[[57, 175], [113, 175]], [], [true, true]]",
274,q,a,cx_stage3,,"[[[57, 175], [113, 175]], [], [true, true]]",
275,q,a,cx_stage1,,"[[[58, 178], [113, 178]], [], [true, true]]",
276,q,a,cx_stage2,,"[[[58, 178], [113, 178]], [], [true, true]]",
277,q,a,cx_stage3,,"[[[58, 178], [113, 178]], [], [true, true]]",
278,q,a,cx_stage1,,"[[[59, 181], [113, 181]], [], [true, true]]",
279,q,a,cx_stage2,,"[[[59, 181], [113, 181]], [], [true, true]]",
280,q,a,cx_stage3,,"[[[5, 19], [113, 19]], [], [true, true]]",
281,q,a,cx_stage3,,"[[[59, 181], [113, 181]], [], [true, true]]",
282,q,a,cx_stage1,,"[[[60, 184], [113, 184]], [], [true, true]]",
283,q,a,cx_stage2,,"[[[60, 184], [113, 184]], [], [true, true]]",
284,q,a,cx_stage3,,"[[[60, 184], [113, 184]], [], [true, true]]",
285,q,a,cx_stage1,,"[[[61, 187], [113, 187]], [], [true, true]]",
286,q,a,cx_stage2,,"[[[61, 187], [113, 187]], [], [true, true]]",
287,q,a,cx_stage3,,"[[[61, 187], [113, 187]], [], [true, true]]",
288,q,a,cx_stage1,,"[[[62, 190], [113, 190]], [], [true, true]]",
289,q,a,cx_stage2,,"[[[62, 190], [113, 190]], [], [true, true]]",
290,q,a,cx_stage3,,"[[[62, 190], [113, 190]], [], [true, true]]",
291,q,a,cx_stage1,,"[[[6, 22], [113, 22]], [], [true, true]]",
292,q,a,cx_stage1,,"[[[63, 193], [113, 193]], [], [true, true]]",
293,q,a,cx_stage2,,"[[[63, 193], [113, 193]], [], [true, true]]",
294,q,a,cx_stage3,,"[[[63, 193], [113, 193]], [], [true, true]]",
295,q,a,cx_stage1,,"[[[64, 196], [113, 196]], [], [true, true]]",
296,q,a,cx_stage2,,"[[[64, 196], [113, 196]], [], [true, true]]",
297,q,a,cx_stage3,,"[[[64, 196], [113, 196]], [], [true, true]]",
298,q,a,cx_stage1,,"[[[65, 199], [113, 199]], [], [true, true]]",
299,q,a,cx_stage2,,"[[[65, 199], [113, 199]], [], [true, true]]",
300,q,a,cx_stage3,,"[[[65, 199], [113, 199]], [], [true, true]]",
301,q,a,cx_stage1,,"[[[66, 202], [113, 202]], [], [true, true]]",
302,q,a,cx_stage2,,"[[[6, 22], [113, 22]], [], [true, true]]",
303,q,a,cx_stage2,,"[[[66, 202], [113, 202]], [], [true, true]]",
304,q,a,cx_stage3,,"[[[66, 202], [113, 202]], [], [true, true]]",
305,q,a,cx_stage1,,"[[[67, 205], [113, 205]], [], [true, true]]",
306,q,a,cx_stage2,,"[[[67, 205], [113, 205]], [], [true, true]]",
307,q,a,cx_stage3,,"[[[67, 205], [113, 205]], [], [true, true]]",
308,q,a,cx_stage1,,"[[[68, 208], [113, 208]], [], [true, true]]",
309,q,a,cx_stage2,,"[[[68, 208], [113, 208]], [], [true, true]]",
310,q,a,cx_stage3,,"[[[68, 208], [113, 208]], [], [true, true]]",
311,q,a,cx_stage1,,"[[[69, 211], [113, 211]], [], [true, true]]",
312,q,a,cx_stage2,,"[[[69, 211], [113, 211]], [], [true, true]]",
313,q,a,cx_stage3,,"[[[6, 22], [113, 22]], [], [true, true]]",
314,q,a,cx_stage3,,"[[[69, 211], [113, 211]], [], [true, true]]",
315,q,a,cx_stage1,,"[[[70, 214], [113, 214]], [], [true, true]]",
316,q,a,cx_stage2,,"[[[70, 214], [113, 214]], [], [true, true]]",
317,q,a,cx_stage3,,"[[[70, 214], [113, 214]], [], [true, true]]",
318,q,a,cx_stage1,,"[[[71, 217], [113, 217]], [], [true, true]]",
319,q,a,cx_stage2,,"[[[71, 217], [113, 217]], [], [true, true]]",
320,q,a,cx_stage3,,"[[[71, 217], [113, 217]], [], [true, true]]",
321,q,a,cx_stage1,,"[[[72, 220], [113, 220]], [], [true, true]]",
322,q,a,cx_stage2,,"[[[72, 220], [113, 220]], [], [true, true]]",
323,q,a,cx_stage3,,"[[[72, 220], [113, 220]], [], [true, true]]",
324,q,a,cx_stage1,,"[[[7, 25], [113, 25]], [], [true, true]]",
325,q,a,cx_stage1,,"[[[73, 223], [113, 223]], [], [true, true]]",
326,q,a,cx_stage2,,"[[[73, 223], [113, 223]], [], [true, true]]",
327,q,a,cx_stage3,,"[[[73, 223], [113, 223]], [], [true, true]]",
328,q,a,cx_stage1,,"[[[74, 226], [113, 226]], [], [true, true]]",
329,q,a,cx_stage2,,"[[[74, 226], [113, 226]], [], [true, true]]",
330,q,a,cx_stage3,,"[[[74, 226], [113, 226]], [], [true, true]]",
331,q,a,cx_stage1,,"[[[75, 229], [113, 229]], [], [true, true]]",
332,q,a,cx_stage2,,"[[[75, 229], [113, 229]], [], [true, true]]",
333,q,a,cx_stage3,,"[[[75, 229], [113, 229]], [], [true, true]]",
334,q,a,cx_stage1,,"[[[76, 232], [113, 232]], [], [true, true]]",
335,q,a,cx_stage2,,"[[[7, 25], [113, 25]], [], [true, true]]",
336,q,a,cx_stage2,,"[[[76, 232], [113, 232]], [], [true, true]]",
337,q,a,cx_stage3,,"[[[76, 232], [113, 232]], [], [true, true]]",
338,q,a,cx_stage1,,"[[[77, 235], [113, 235]], [], [true, true]]",
339,q,a,cx_stage2,,"[[[77, 235], [113, 235]], [], [true, true]]",
340,q,a,cx_stage3,,"[[[77, 235], [113, 235]], [], [true, true]]",
341,q,a,cx_stage1,,"[[[78, 238], [113, 238]], [], [true, true]]",
342,q,a,cx_stage2,,"[[[78, 238], [113, 238]], [], [true, true]]",
343,q,a,cx_stage3,,"[[[78, 238], [113, 238]], [], [true, true]]",
344,q,a,cx_stage1,,"[[[79, 241], [113, 241]], [], [true, true]]",
345,q,a,cx_stage2,,"[[[79, 241], [113, 241]], [], [true, true]]",
346,q,a,cx_stage3,,"[[[7, 25], [113, 25]], [], [true, true]]",
347,q,a,cx_stage3,,"[[[79, 241], [113, 241]], [], [true, true]]",
348,q,a,cx_stage1,,"[[[80, 244], [113, 244]], [], [true, true]]",
349,q,a,cx_stage2,,"[[[80, 244], [113, 244]], [], [true, true]]",
350,q,a,cx_stage3,,"[[[80, 244], [113, 244]], [], [true, true]]",
351,q,a,cx_stage1,,"[[[81, 247], [113, 247]], [], [true, true]]",
352,q,a,cx_stage2,,"[[[81, 247], [113, 247]], [], [true, true]]",
353,q,a,cx_stage3,,"[[[81, 247], [113, 247]], [], [true, true]]",
354,q,a,cx_stage1,,"[[[82, 250], [113, 250]], [], [true, true]]",
355,q,a,cx_stage2,,"[[[82, 250], [113, 250]], [], [true, true]]",
356,q,a,cx_stage3,,"[[[82, 250], [113, 250]], [], [true, true]]",
357,q,a,cx_stage1,,"[[[8, 28], [113, 28]], [], [true, true]]",
358,q,a,cx_stage1,,"[[[83, 253], [113, 253]], [], [true, true]]",
359,q,a,cx_stage2,,"[[[83, 253], [113, 253]], [], [true, true]]",
360,q,a,cx_stage3,,"[[[83, 253], [113, 253]], [], [true, true]]",
361,q,a,cx_stage1,,"[[[84, 256], [113, 256]], [], [true, true]]",
362,q,a,cx_stage2,,"[[[84, 256], [113, 256]], [], [true, true]]",
363,q,a,cx_stage3,,"[[[84, 256], [113, 256]], [], [true, true]]",
364,q,a,cx_stage1,,"[[[85, 259], [113, 259]], [], [true, true]]",
365,q,a,cx_stage2,,"[[[85, 259], [113, 259]], [], [true, true]]",
366,q,a,cx_stage3,,"[[[85, 259], [113, 259]], [], [true, true]]",
367,q,a,cx_stage1,,"[[[86, 262], [113, 262]], [], [true, true]]",
368,q,a,cx_stage2,,"[[[8, 28], [113, 28]], [], [true, true]]",
369,q,a,cx_stage2,,"[[[86, 262], [113, 262]], [], [true, true]]",
370,q,a,cx_stage3,,"[[[86, 262], [113, 262]], [], [true, true]]",
371,q,a,cx_stage1,,"[[[87, 265], [113, 265]], [], [true, true]]",
372,q,a,cx_stage2,,"[[[87, 265], [113, 265]], [], [true, true]]",
373,q,a,cx_stage3,,"[[[87, 265], [113, 265]], [], [true, true]]",
374,q,a,cx_stage1,,"[[[88, 268], [113, 268]], [], [true, true]]",
375,q,a,cx_stage2,,"[[[88, 268], [113, 268]], [], [true, true]]",
376,q,a,cx_stage3,,"[[[88, 268], [113, 268]], [], [true, true]]",
377,q,a,cx_stage1,,"[[[89, 271], [113, 271]], [], [true, true]]",
378,q,a,cx_stage2,,"[[[89, 271], [113, 271]], [], [true, true]]",
379,q,a,cx_stage3,,"[[[8, 28], [113, 28]], [], [true, true]]",
380,q,a,cx_stage3,,"[[[89, 271], [113, 271]], [], [true, true]]",
381,q,a,cx_stage1,,"[[[90, 274], [113, 274]], [], [true, true]]",
382,q,a,cx_stage2,,"[[[90, 274], [113, 274]], [], [true, true]]",
383,q,a,cx_stage3,,"[[[90, 274], [113, 274]], [], [true, true]]",
384,q,a,cx_stage1,,"[[[91, 277], [113, 277]], [], [true, true]]",
385,q,a,cx_stage2,,"[[[91, 277], [113, 277]], [], [true, true]]",
386,q,a,cx_stage3,,"[[[91, 277], [113, 277]], [], [true, true]]",
387,q,a,cx_stage1,,"[[[92, 280], [113, 280]], [], [true, true]]",
388,q,a,cx_stage2,,"[[[92, 280], [113, 280]], [], [true, true]]",
389,q,a,cx_stage3,,"[[[92, 280], [113, 280]], [], [true, true]]",
390,q,a,cx_stage1,,"[[[9, 31], [113, 31]], [], [true, true]]",
391,q,a,cx_stage1,,"[[[93, 283], [113, 283]], [], [true, true]]",
392,q,a,cx_stage2,,"[[[93, 283], [113, 283]], [], [true, true]]",
393,q,a,cx_stage3,,"[[[93, 283], [113, 283]], [], [true, true]]",
394,q,a,cx_stage1,,"[[[94, 286], [113, 286]], [], [true, true]]",
395,q,a,cx_stage2,,"[[[94, 286], [113, 286]], [], [true, true]]",
396,q,a,cx_stage3,,"[[[94, 286], [113, 286]], [], [true, true]]",
397,q,a,cx_stage1,,"[[[95, 289], [113, 289]], [], [true, true]]",
398,q,a,cx_stage2,,"[[[95, 289], [113, 289]], [], [true, true]]",
399,q,a,cx_stage3,,"[[[95, 289], [113, 289]], [], [true, true]]",
400,q,a,cx_stage1,,"[[[96, 292], [113, 292]], [], [true, true]]",
401,q,a,cx_stage2,,"[[[9, 31], [113, 31]], [], [true, true]]",
402,q,a,cx_stage2,,"[[[96, 292], [113, 292]], [], [true, true]]",
403,q,a,cx_stage3,,"[[[96, 292], [113, 292]], [], [true, true]]",
404,q,a,cx_stage1,,"[[[97, 295], [113, 295]], [], [true, true]]",
405,q,a,cx_stage2,,"[[[97, 295], [113, 295]], [], [true, true]]",
406,q,a,cx_stage3,,"[[[97, 295], [113, 295]], [], [true, true]]",
407,q,a,cx_stage1,,"[[[98, 298], [113, 298]], [], [true, true]]",
408,q,a,cx_stage2,,"[[[98, 298], [113, 298]], [], [true, true]]",
409,q,a,cx_stage3,,"[[[98, 298], [113, 298]], [], [true, true]]",
410,q,a,cx_stage1,,"[[[99, 301], [113, 301]], [], [true, true]]",
411,q,a,cx_stage2,,"[[[99, 301], [113, 301]], [], [true, true]]",
412,q,a,cx_stage3,,"[[[0, 4], [113, 4]], [], [true, true]]",
413,q,a,cx_stage3,,"[[[9, 31], [113, 31]], [], [true, true]]",
414,q,a,cx_stage3,,"[[[99, 301], [113, 301]], [], [true, true]]",
415,q,a,cx_stage1,,"[[[100, 304], [113, 304]], [], [true, true]]",
416,q,a,cx_stage3,,"[[[100, 304], [113, 304]], [], [true, true]]",
417,q,a,cx_stage1,,"[[[101, 307], [113, 307]], [], [true, true]]",
418,q,a,cx_stage3,,"[[[101, 307], [113, 307]], [], [true, true]]",
419,q,a,cx_stage1,,"[[[102, 310], [113, 310]], [], [true, true]]",
420,q,a,cx_stage3,,"[[[102, 310], [113, 310]], [], [true, true]]",
421,q,a,cx_stage1,,"[[[10, 34], [113, 34]], [], [true, true]]",
422,q,a,cx_stage1,,"[[[103, 313], [113, 313]], [], [true, true]]",
423,q,a,cx_stage3,,"[[[103, 313], [113, 313]], [], [true, true]]",
424,q,a,cx_stage1,,"[[[104, 316], [113, 316]], [], [true, true]]",
425,q,a,cx_stage3,,"[[[104, 316], [113, 316]], [], [true, true]]",
426,q,a,cx_stage1,,"[[[105, 319], [113, 319]], [], [true, true]]",
427,q,a,cx_stage3,,"[[[105, 319], [113, 319]], [], [true, true]]",
428,q,a,cx_stage1,,"[[[106, 322], [113, 322]], [], [true, true]]",
429,q,a,cx_stage3,,"[[[106, 322], [113, 322]], [], [true, true]]",
430,q,a,cx_stage1,,"[[[107, 325], [113, 325]], [], [true, true]]",
431,q,a,cx_stage3,,"[[[107, 325], [113, 325]], [], [true, true]]",
432,q,a,cx_stage1,,"[[[108, 328], [113, 328]], [], [true, true]]",
433,q,a,cx_stage3,,"[[[108, 328], [113, 328]], [], [true, true]]",
434,q,a,cx_stage1,,"[[[109, 331], [113, 331]], [], [true, true]]",
435,q,a,cx_stage3,,"[[[10, 34], [113, 34]], [], [true, true]]",
436,q,a,cx_stage3,,"[[[109, 331], [113, 331]], [], [true, true]]",
437,q,a,cx_stage1,,"[[[110, 334], [113, 334]], [], [true, true]]",
438,q,a,cx_stage3,,"[[[110, 334], [113, 334]], [], [true, true]]",
439,q,a,cx_stage1,,"[[[111, 337], [113, 337]], [], [true, true]]",
440,q,a,cx_stage3,,"[[[111, 337], [113, 337]], [], [true, true]]",
441,q,a,cx_stage1,,"[[[112, 340], [113, 340]], [], [true, true]]",
442,q,a,cx_stage3,,"[[[112, 340], [113, 340]], [], [true, true]]",
443,q,a,cx_stage1,,"[[[11, 37], [113, 37]], [], [true, true]]",
444,q,a,cx_stage2,,"[[[11, 37], [113, 37]], [], [true, true]]",
445,q,a,cx_stage3,,"[[[11, 37], [113, 37]], [], [true, true]]",
446,q,a,cx_stage1,,"[[[12, 40], [113, 40]], [], [true, true]]",
447,q,a,cx_stage2,,"[[[12, 40], [113, 40]], [], [true, true]]",
448,q,a,cx_stage3,,"[[[12, 40], [113, 40]], [], [true, true]]",
449,q,a,cx_stage1,,"[[[1, 7], [113, 7]], [], [true, true]]",
450,q,a,cx_stage1,,"[[[13, 43], [113, 43]], [], [true, true]]",
451,q,a,cx_stage2,,"[[[13, 43], [113, 43]], [], [true, true]]",
452,q,a,cx_stage3,,"[[[13, 43], [113, 43]], [], [true, true]]",
453,q,a,cx_stage1,,"[[[14, 46], [113, 46]], [], [true, true]]",
454,q,a,cx_stage2,,"[[[14, 46], [113, 46]], [], [true, true]]",
455,q,a,cx_stage3,,"[[[14, 46], [113, 46]], [], [true, true]]",
456,q,a,cx_stage1,,"[[[15, 49], [113, 49]], [], [true, true]]",
457,q,a,cx_stage2,,"[[[15, 49], [113, 49]], [], [true, true]]",
458,q,a,cx_stage3,,"[[[15, 49], [113, 49]], [], [true, true]]",
459,q,a,cx_stage1,,"[[[16, 52], [113, 52]], [], [true, true]]",
460,q,a,cx_stage2,,"[[[1, 7], [113, 7]], [], [true, true]]",
461,q,a,cx_stage2,,"[[[16, 52], [113, 52]], [], [true, true]]",
462,q,a,cx_stage3,,"[[[16, 52], [113, 52]], [], [true, true]]",
463,q,a,cx_stage1,,"[[[17, 55], [113, 55]], [], [true, true]]",
464,q,a,cx_stage2,,"[[[17, 55], [113, 55]], [], [true, true]]",
465,q,a,cx_stage3,,"[[[17, 55], [113, 55]], [], [true, true]]",
466,q,a,cx_stage1,,"[[[18, 58], [113, 58]], [], [true, true]]",
467,q,a,cx_stage2,,"[[[18, 58], [113, 58]], [], [true, true]]",
468,q,a,cx_stage3,,"[[[18, 58], [113, 58]], [], [true, true]]",
469,q,a,cx_stage1,,"[[[19, 61], [113, 61]], [], [true, true]]",
470,q,a,cx_stage2,,"[[[19, 61], [113, 61]], [], [true, true]]",
471,q,a,cx_stage3,,"[[[1, 7], [113, 7]], [], [true, true]]",
472,q,a,cx_stage3,,"[[[19, 61], [113, 61]], [], [true, true]]",
473,q,a,cx_stage1,,"[[[20, 64], [113, 64]], [], [true, true]]",
474,q,a,cx_stage2,,"[[[20, 64], [113, 64]], [], [true, true]]",
475,q,a,cx_stage3,,"[[[20, 64], [113, 64]], [], [true, true]]",
476,q,a,cx_stage1,,"[[[21, 67], [113, 67]], [], [true, true]]",
477,q,a,cx_stage2,,"[[[21, 67], [113, 67]], [], [true, true]]",
478,q,a,cx_stage3,,"[[[21, 67], [113, 67]], [], [true, true]]",
479,q,a,cx_stage1,,"[[[22, 70], [113, 70]], [], [true, true]]",
480,q,a,cx_stage2,,"[[[22, 70], [113, 70]], [], [true, true]]",
481,q,a,cx_stage3,,"[[[22, 70], [113, 70]], [], [true, true]]",
482,q,a,cx_stage1,,"[[[2, 10], [113, 10]], [], [true, true]]",
483,q,a,cx_stage1,,"[[[23, 73], [113, 73]], [], [true, true]]",
484,q,a,cx_stage2,,"[[[23, 73], [113, 73]], [], [true, true]]",
485,q,a,cx_stage3,,"[[[23, 73], [113, 73]], [], [true, true]]",
486,q,a,cx_stage1,,"[[[24, 76], [113, 76]], [], [true, true]]",
487,q,a,cx_stage2,,"[[[24, 76], [113, 76]], [], [true, true]]",
488,q,a,cx_stage3,,"[[[24, 76], [113, 76]], [], [true, true]]",
489,q,a,cx_stage1,,"[[[25, 79], [113, 79]], [], [true, true]]",
490,q,a,cx_stage2,,"[[[25, 79], [113, 79]], [], [true, true]]",
491,q,a,cx_stage3,,"[[[25, 79], [113, 79]], [], [true, true]]",
492,q,a,cx_stage1,,"[[[26, 82], [113, 82]], [], [true, true]]",
493,q,a,cx_stage2,,"[[[2, 10], [113, 10]], [], [true, true]]",
494,q,a,cx_stage2,,"[[[26, 82], [113, 82]], [], [true, true]]",
495,q,a,cx_stage3,,"[[[26, 82], [113, 82]], [], [true, true]]",
496,q,a,cx_stage1,,"[[[27, 85], [113, 85]], [], [true, true]]",
497,q,a,cx_stage2,,"[[[27, 85], [113, 85]], [], [true, true]]",
498,q,a,cx_stage3,,"[[[27, 85], [113, 85]], [], [true, true]]",
499,q,a,cx_stage1,,"[[[28, 88], [113, 88]], [], [true, true]]",
500,q,a,cx_stage2,,"[[[28, 88], [113, 88]], [], [true, true]]",
501,q,a,cx_stage3,,"[[[28, 88], [113, 88]], [], [true, true]]",
502,q,a,cx_stage1,,"[[[29, 91], [113, 91]], [], [true, true]]",
503,q,a,cx_stage2,,"[[[29, 91], [113, 91]], [], [true, true]]",
504,q,a,cx_stage3,,"[[[29, 91], [113, 91]], [], [true, true]]",
505,q,a,cx_stage1,,"[[[30, 94], [113, 94]], [], [true, true]]",
506,q,a,cx_stage2,,"[[[30, 94], [113, 94]], [], [true, true]]",
507,q,a,cx_stage3,,"[[[30, 94], [113, 94]], [], [true, true]]",
508,q,a,cx_stage1,,"[[[31, 97], [113, 97]], [], [true, true]]",
509,q,a,cx_stage2,,"[[[31, 97], [113, 97]], [], [true, true]]",
510,q,a,cx_stage3,,"[[[31, 97], [113, 97]], [], [true, true]]",
511,q,a,cx_stage1,,"[[[32, 100], [113, 100]], [], [true, true]]",
512,q,a,cx_stage2,,"[[[32, 100], [113, 100]], [], [true, true]]",
513,q,a,u2,,"[[[11, 1]], [], [true]]",
514,q,a,cx_stage1,,"[[[11, 37], [113, 37]], [], [true, true]]",
515,q,a,cx_stage3,,"[[[11, 37], [113, 37]], [], [true, true]]",
516,q,a,u2,,"[[[11, 38]], [], [true]]",
517,q,a,u2,,"[[[12, 1]], [], [true]]",
518,q,a,cx_stage1,,"[[[12, 40], [113, 40]], [], [true, true]]",
519,q,a,cx_stage3,,"[[[12, 40], [113, 40]], [], [true, true]]",
520,q,a,u2,,"[[[12, 41]], [], [true]]",
521,q,a,h,,"[[[13, 1]], [], [true]]",
522,q,a,cx_stage1,,"[[[13, 43], [113, 43]], [], [true, true]]",
523,q,a,cx_stage3,,"[[[13, 43], [113, 43]], [], [true, true]]",
524,q,a,h,,"[[[13, 44]], [], [true]]",
525,q,a,h,,"[[[14, 1]], [], [true]]",
526,q,a,cx_stage1,,"[[[14, 46], [113, 46]], [], [true, true]]",
527,q,a,cx_stage3,,"[[[14, 46], [113, 46]], [], [true, true]]",
528,q,a,h,,"[[[14, 47]], [], [true]]",
529,q,a,u2,,"[[[15, 1]], [], [true]]",
530,q,a,cx_stage1,,"[[[15, 49], [113, 49]], [], [true, true]]",
531,q,a,cx_stage3,,"[[[15, 49], [113, 49]], [], [true, true]]",
532,q,a,u2,,"[[[15, 50]], [], [true]]",
533,q,a,h,,"[[[16, 1]], [], [true]]",
534,q,a,cx_stage1,,"[[[16, 52], [113, 52]], [], [true, true]]",
535,q,a,cx_stage3,,"[[[16, 52], [113, 52]], [], [true, true]]",
536,q,a,h,,"[[[16, 53]], [], [true]]",
537,q,a,h,,"[[[17, 1]], [], [true]]",
538,q,a,cx_stage1,,"[[[17, 55], [113, 55]], [], [true, true]]",
539,q,a,cx_stage3,,"[[[17, 55], [113, 55]], [], [true, true]]",
540,q,a,h,,"[[[17, 56]], [], [true]]",
541,q,a,h,,"[[[18, 1]], [], [true]]",
542,q,a,cx_stage1,,"[[[18, 58], [113, 58]], [], [true, true]]",
543,q,a,cx_stage3,,"[[[18, 58], [113, 58]], [], [true, true]]",
544,q,a,h,,"[[[18, 59]], [], [true]]",
545,q,a,h,,"[[[19, 1]], [], [true]]",
546,q,a,cx_stage1,,"[[[19, 61], [113, 61]], [], [true, true]]",
547,q,a,cx_stage3,,"[[[19, 61], [113, 61]], [], [true, true]]",
548,q,a,h,,"[[[19, 62]], [], [true]]",
549,q,a,u2,,"[[[1, 1]], [], [true]]",
550,q,a,cx_stage1,,"[[[1, 7], [113, 7]], [], [true, true]]",
551,q,a,cx_stage3,,"[[[1, 7], [113, 7]], [], [true, true]]",
552,q,a,u2,,"[[[1, 8]], [], [true]]",
553,q,a,h,,"[[[20, 1]], [], [true]]",
554,q,a,cx_stage1,,"[[[20, 64], [113, 64]], [], [true, true]]",
555,q,a,cx_stage3,,"[[[20, 64], [113, 64]], [], [true, true]]",
556,q,a,h,,"[[[20, 65]], [], [true]]",
557,q,a,u2,,"[[[21, 1]], [], [true]]",
558,q,a,cx_stage1,,"[[[21, 67], [113, 67]], [], [true, true]]",
559,q,a,cx_stage3,,"[[[21, 67], [113, 67]], [], [true, true]]",
560,q,a,u2,,"[[[21, 68]], [], [true]]",
561,q,a,h,,"[[[22, 1]], [], [true]]",
562,q,a,cx_stage1,,"[[[22, 70], [113, 70]], [], [true, true]]",
563,q,a,cx_stage3,,"[[[22, 70], [113, 70]], [], [true, true]]",
564,q,a,h,,"[[[22, 71]], [], [true]]",
565,q,a,h,,"[[[23, 1]], [], [true]]",
566,q,a,cx_stage1,,"[[[23, 73], [113, 73]], [], [true, true]]",
567,q,a,cx_stage3,,"[[[23, 73], [113, 73]], [], [true, true]]",
568,q,a,h,,"[[[23, 74]], [], [true]]",
569,q,a,u2,,"[[[24, 1]], [], [true]]",
570,q,a,cx_stage1,,"[[[24, 76], [113, 76]], [], [true, true]]",
571,q,a,cx_stage3,,"[[[24, 76], [113, 76]], [], [true, true]]",
572,q,a,u2,,"[[[24, 77]], [], [true]]",
573,q,a,u2,,"[[[25, 1]], [], [true]]",
574,q,a,cx_stage1,,"[[[25, 79], [113, 79]], [], [true, true]]",
575,q,a,cx_stage3,,"[[[25, 79], [113, 79]], [], [true, true]]",
576,q,a,u2,,"[[[25, 80]], [], [true]]",
577,q,a,h,,"[[[26, 1]], [], [true]]",
578,q,a,cx_stage1,,"[[[26, 82], [113, 82]], [], [true, true]]",
579,q,a,cx_stage3,,"[[[26, 82], [113, 82]], [], [true, true]]",
580,q,a,h,,"[[[26, 83]], [], [true]]",
581,q,a,h,,"[[[27, 1]], [], [true]]",
582,q,a,cx_stage1,,"[[[27, 85], [113, 85]], [], [true, true]]",
583,q,a,cx_stage3,,"[[[27, 85], [113, 85]], [], [true, true]]",
584,q,a,h,,"[[[27, 86]], [], [true]]",
585,q,a,u2,,"[[[28, 1]], [], [true]]",
586,q,a,cx_stage1,,"[[[28, 88], [113, 88]], [], [true, true]]",
587,q,a,cx_stage3,,"[[[28, 88], [113, 88]], [], [true, true]]",
588,q,a,u2,,"[[[28, 89]], [], [true]]",
589,q,a,h,,"[[[29, 1]], [], [true]]",
590,q,a,cx_stage1,,"[[[29, 91], [113, 91]], [], [true, true]]",
591,q,a,cx_stage3,,"[[[29, 91], [113, 91]], [], [true, true]]",
592,q,a,h,,"[[[29, 92]], [], [true]]",
593,q,a,h,,"[[[2, 1]], [], [true]]",
594,q,a,cx_stage1,,"[[[2, 10], [113, 10]], [], [true, true]]",
595,q,a,h,,"[[[2, 11]], [], [true]]",
596,q,a,cx_stage3,,"[[[2, 10], [113, 10]], [], [true, true]]",
597,q,a,h,,"[[[30, 1]], [], [true]]",
598,q,a,cx_stage1,,"[[[30, 94], [113, 94]], [], [true, true]]",
599,q,a,cx_stage3,,"[[[30, 94], [113, 94]], [], [true, true]]",
600,q,a,h,,"[[[30, 95]], [], [true]]",
601,q,a,u2,,"[[[31, 1]], [], [true]]",
602,q,a,cx_stage1,,"[[[31, 97], [113, 97]], [], [true, true]]",
603,q,a,cx_stage3,,"[[[31, 97], [113, 97]], [], [true, true]]",
604,q,a,u2,,"[[[31, 98]], [], [true]]",
605,q,a,h,,"[[[32, 1]], [], [true]]",
606,q,a,cx_stage1,,"[[[32, 100], [113, 100]], [], [true, true]]",
607,q,a,h,,"[[[32, 101]], [], [true]]",
608,q,a,cx_stage3,,"[[[32, 100], [113, 100]], [], [true, true]]",
609,q,a,h,,"[[[33, 1]], [], [true]]",
610,q,a,cx_stage1,,"[[[33, 103], [113, 103]], [], [true, true]]",
611,q,a,cx_stage3,,"[[[33, 103], [113, 103]], [], [true, true]]",
612,q,a,h,,"[[[33, 104]], [], [true]]",
613,q,a,h,,"[[[34, 1]], [], [true]]",
614,q,a,cx_stage1,,"[[[34, 106], [113, 106]], [], [true, true]]",
615,q,a,cx_stage3,,"[[[34, 106], [113, 106]], [], [true, true]]",
616,q,a,h,,"[[[34, 107]], [], [true]]",
617,q,a,u2,,"[[[35, 1]], [], [true]]",
618,q,a,cx_stage1,,"[[[35, 109], [113, 109]], [], [true, true]]",
619,q,a,cx_stage3,,"[[[35, 109], [113, 109]], [], [true, true]]",
620,q,a,u2,,"[[[35, 110]], [], [true]]",
621,q,a,u2,,"[[[36, 1]], [], [true]]",
622,q,a,cx_stage1,,"[[[36, 112], [113, 112]], [], [true, true]]",
623,q,a,cx_stage3,,"[[[36, 112], [113, 112]], [], [true, true]]",
624,q,a,u2,,"[[[36, 113]], [], [true]]",
625,q,a,h,,"[[[37, 1]], [], [true]]",
626,q,a,cx_stage1,,"[[[37, 115], [113, 115]], [], [true, true]]",
627,q,a,cx_stage3,,"[[[37, 115], [113, 115]], [], [true, true]]",
628,q,a,h,,"[[[37, 116]], [], [true]]",
629,q,a,u2,,"[[[38, 1]], [], [true]]",
630,q,a,cx_stage1,,"[[[38, 118], [113, 118]], [], [true, true]]",
631,q,a,cx_stage3,,"[[[38, 118], [113, 118]], [], [true, true]]",
632,q,a,u2,,"[[[38, 119]], [], [true]]",
633,q,a,u2,,"[[[39, 1]], [], [true]]",
634,q,a,cx_stage1,,"[[[39, 121], [113, 121]], [], [true, true]]",
635,q,a,cx_stage3,,"[[[39, 121], [113, 121]], [], [true, true]]",
636,q,a,u2,,"[[[39, 122]], [], [true]]",
637,q,a,u2,,"[[[3, 1]], [], [true]]",
638,q,a,cx_stage1,,"[[[3, 13], [113, 13]], [], [true, true]]",
639,q,a,cx_stage3,,"[[[3, 13], [113, 13]], [], [true, true]]",
640,q,a,u2,,"[[[3, 14]], [], [true]]",
641,q,a,u2,,"[[[40, 1]], [], [true]]",
642,q,a,cx_stage1,,"[[[40, 124], [113, 124]], [], [true, true]]",
643,q,a,cx_stage3,,"[[[40, 124], [113, 124]], [], [true, true]]",
644,q,a,u2,,"[[[40, 125]], [], [true]]",
645,q,a,u2,,"[[[41, 1]], [], [true]]",
646,q,a,cx_stage1,,"[[[41, 127], [113, 127]], [], [true, true]]",
647,q,a,cx_stage3,,"[[[41, 127], [113, 127]], [], [true, true]]",
648,q,a,u2,,"[[[41, 128]], [], [true]]",
649,q,a,u2,,"[[[42, 1]], [], [true]]",
650,q,a,cx_stage1,,"[[[42, 130], [113, 130]], [], [true, true]]",
651,q,a,cx_stage3,,"[[[42, 130], [113, 130]], [], [true, true]]",
652,q,a,u2,,"[[[42, 131]], [], [true]]",
653,q,a,h,,"[[[43, 1]], [], [true]]",
654,q,a,cx_stage1,,"[[[43, 133], [113, 133]], [], [true, true]]",
655,q,a,cx_stage3,,"[[[43, 133], [113, 133]], [], [true, true]]",
656,q,a,h,,"[[[43, 134]], [], [true]]",
657,q,a,u2,,"[[[44, 1]], [], [true]]",
658,q,a,cx_stage1,,"[[[44, 136], [113, 136]], [], [true, true]]",
659,q,a,cx_stage3,,"[[[44, 136], [113, 136]], [], [true, true]]",
660,q,a,u2,,"[[[44, 137]], [], [true]]",
661,q,a,h,,"[[[45, 1]], [], [true]]",
662,q,a,cx_stage1,,"[[[45, 139], [113, 139]], [], [true, true]]",
663,q,a,cx_stage3,,"[[[45, 139], [113, 139]], [], [true, true]]",
664,q,a,h,,"[[[45, 140]], [], [true]]",
665,q,a,h,,"[[[46, 1]], [], [true]]",
666,q,a,cx_stage1,,"[[[46, 142], [113, 142]], [], [true, true]]",
667,q,a,cx_stage3,,"[[[46, 142], [113, 142]], [], [true, true]]",
668,q,a,h,,"[[[46, 143]], [], [true]]",
669,q,a,h,,"[[[47, 1]], [], [true]]",
670,q,a,cx_stage1,,"[[[47, 145], [113, 145]], [], [true, true]]",
671,q,a,cx_stage3,,"[[[47, 145], [113, 145]], [], [true, true]]",
672,q,a,h,,"[[[47, 146]], [], [true]]",
673,q,a,h,,"[[[48, 1]], [], [true]]",
674,q,a,cx_stage1,,"[[[48, 148], [113, 148]], [], [true, true]]",
675,q,a,cx_stage3,,"[[[48, 148], [113, 148]], [], [true, true]]",
676,q,a,h,,"[[[48, 149]], [], [true]]",
677,q,a,u2,,"[[[49, 1]], [], [true]]",
678,q,a,cx_stage1,,"[[[49, 151], [113, 151]], [], [true, true]]",
679,q,a,cx_stage3,,"[[[49, 151], [113, 151]], [], [true, true]]",
680,q,a,u2,,"[[[49, 152]], [], [true]]",
681,q,a,h,,"[[[4, 1]], [], [true]]",
682,q,a,cx_stage1,,"[[[4, 16], [113, 16]], [], [true, true]]",
683,q,a,cx_stage3,,"[[[4, 16], [113, 16]], [], [true, true]]",
684,q,a,h,,"[[[4, 17]], [], [true]]",
685,q,a,h,,"[[[50, 1]], [], [true]]",
686,q,a,cx_stage1,,"[[[50, 154], [113, 154]], [], [true, true]]",
687,q,a,cx_stage3,,"[[[50, 154], [113, 154]], [], [true, true]]",
688,q,a,h,,"[[[50, 155]], [], [true]]",
689,q,a,u2,,"[[[51, 1]], [], [true]]",
690,q,a,cx_stage1,,"[[[51, 157], [113, 157]], [], [true, true]]",
691,q,a,cx_stage3,,"[[[51, 157], [113, 157]], [], [true, true]]",
692,q,a,u2,,"[[[51, 158]], [], [true]]",
693,q,a,u2,,"[[[52, 1]], [], [true]]",
694,q,a,cx_stage1,,"[[[52, 160], [113, 160]], [], [true, true]]",
695,q,a,cx_stage3,,"[[[52, 160], [113, 160]], [], [true, true]]",
696,q,a,u2,,"[[[52, 161]], [], [true]]",
697,q,a,u2,,"[[[53, 1]], [], [true]]",
698,q,a,cx_stage1,,"[[[53, 163], [113, 163]], [], [true, true]]",
699,q,a,cx_stage3,,"[[[53, 163], [113, 163]], [], [true, true]]",
700,q,a,u2,,"[[[53, 164]], [], [true]]",
701,q,a,h,,"[[[54, 1]], [], [true]]",
702,q,a,cx_stage1,,"[[[54, 166], [113, 166]], [], [true, true]]",
703,q,a,cx_stage3,,"[[[54, 166], [113, 166]], [], [true, true]]",
704,q,a,h,,"[[[54, 167]], [], [true]]",
705,q,a,u2,,"[[[55, 1]], [], [true]]",
706,q,a,cx_stage1,,"[[[55, 169], [113, 169]], [], [true, true]]",
707,q,a,cx_stage3,,"[[[55, 169], [113, 169]], [], [true, true]]",
708,q,a,u2,,"[[[55, 170]], [], [true]]",
709,q,a,h,,"[[[56, 1]], [], [true]]",
710,q,a,cx_stage1,,"[[[56, 172], [113, 172]], [], [true, true]]",
711,q,a,cx_stage3,,"[[[56, 172], [113, 172]], [], [true, true]]",
712,q,a,h,,"[[[56, 173]], [], [true]]",
713,q,a,u2,,"[[[57, 1]], [], [true]]",
714,q,a,cx_stage1,,"[[[57, 175], [113, 175]], [], [true, true]]",
715,q,a,cx_stage3,,"[[[57, 175], [113, 175]], [], [true, true]]",
716,q,a,u2,,"[[[57, 176]], [], [true]]",
717,q,a,u2,,"[[[58, 1]], [], [true]]",
718,q,a,cx_stage1,,"[[[58, 178], [113, 178]], [], [true, true]]",
719,q,a,cx_stage3,,"[[[58, 178], [113, 178]], [], [true, true]]",
720,q,a,u2,,"[[[58, 179]], [], [true]]",
721,q,a,h,,"[[[59, 1]], [], [true]]",
722,q,a,cx_stage1,,"[[[59, 181], [113, 181]], [], [true, true]]",
723,q,a,cx_stage3,,"[[[59, 181], [113, 181]], [], [true, true]]",
724,q,a,h,,"[[[59, 182]], [], [true]]",
725,q,a,u2,,"[[[5, 1]], [], [true]]",
726,q,a,cx_stage1,,"[[[5, 19], [113, 19]], [], [true, true]]",
727,q,a,cx_stage3,,"[[[5, 19], [113, 19]], [], [true, true]]",
728,q,a,u2,,"[[[5, 20]], [], [true]]",
729,q,a,u2,,"[[[60, 1]], [], [true]]",
730,q,a,cx_stage1,,"[[[60, 184], [113, 184]], [], [true, true]]",
731,q,a,cx_stage3,,"[[[60, 184], [113, 184]], [], [true, true]]",
732,q,a,u2,,"[[[60, 185]], [], [true]]",
733,q,a,h,,"[[[61, 1]], [], [true]]",
734,q,a,cx_stage1,,"[[[61, 187], [113, 187]], [], [true, true]]",
735,q,a,cx_stage3,,"[[[61, 187], [113, 187]], [], [true, true]]",
736,q,a,h,,"[[[61, 188]], [], [true]]",
737,q,a,h,,"[[[62, 1]], [], [true]]",
738,q,a,cx_stage1,,"[[[62, 190], [113, 190]], [], [true, true]]",
739,q,a,cx_stage3,,"[[[62, 190], [113, 190]], [], [true, true]]",
740,q,a,h,,"[[[62, 191]], [], [true]]",
741,q,a,u2,,"[[[63, 1]], [], [true]]",
742,q,a,cx_stage1,,"[[[63, 193], [113, 193]], [], [true, true]]",
743,q,a,cx_stage3,,"[[[63, 193], [113, 193]], [], [true, true]]",
744,q,a,u2,,"[[[63, 194]], [], [true]]",
745,q,a,h,,"[[[64, 1]], [], [true]]",
746,q,a,cx_stage1,,"[[[64, 196], [113, 196]], [], [true, true]]",
747,q,a,cx_stage3,,"[[[64, 196], [113, 196]], [], [true, true]]",
748,q,a,h,,"[[[64, 197]], [], [true]]",
749,q,a,h,,"[[[65, 1]], [], [true]]",
750,q,a,cx_stage1,,"[[[65, 199], [113, 199]], [], [true, true]]",
751,q,a,cx_stage3,,"[[[65, 199], [113, 199]], [], [true, true]]",
752,q,a,h,,"[[[65, 200]], [], [true]]",
753,q,a,h,,"[[[66, 1]], [], [true]]",
754,q,a,cx_stage1,,"[[[66, 202], [113, 202]], [], [true, true]]",
755,q,a,cx_stage3,,"[[[66, 202], [113, 202]], [], [true, true]]",
756,q,a,h,,"[[[66, 203]], [], [true]]",
757,q,a,u2,,"[[[67, 1]], [], [true]]",
758,q,a,cx_stage1,,"[[[67, 205], [113, 205]], [], [true, true]]",
759,q,a,cx_stage3,,"[[[67, 205], [113, 205]], [], [true, true]]",
760,q,a,u2,,"[[[67, 206]], [], [true]]",
761,q,a,u2,,"[[[68, 1]], [], [true]]",
762,q,a,cx_stage1,,"[[[68, 208], [113, 208]], [], [true, true]]",
763,q,a,cx_stage3,,"[[[68, 208], [113, 208]], [], [true, true]]",
764,q,a,u2,,"[[[68, 209]], [], [true]]",
765,q,a,h,,"[[[69, 1]], [], [true]]",
766,q,a,cx_stage1,,"[[[69, 211], [113, 211]], [], [true, true]]",
767,q,a,cx_stage3,,"[[[69, 211], [113, 211]], [], [true, true]]",
768,q,a,h,,"[[[69, 212]], [], [true]]",
769,q,a,u2,,"[[[6, 1]], [], [true]]",
770,q,a,cx_stage1,,"[[[6, 22], [113, 22]], [], [true, true]]",
771,q,a,cx_stage3,,"[[[6, 22], [113, 22]], [], [true, true]]",
772,q,a,u2,,"[[[6, 23]], [], [true]]",
773,q,a,h,,"[[[70, 1]], [], [true]]",
774,q,a,cx_stage1,,"[[[70, 214], [113, 214]], [], [true, true]]",
775,q,a,cx_stage3,,"[[[70, 214], [113, 214]], [], [true, true]]",
776,q,a,h,,"[[[70, 215]], [], [true]]",
777,q,a,h,,"[[[71, 1]], [], [true]]",
778,q,a,cx_stage1,,"[[[71, 217], [113, 217]], [], [true, true]]",
779,q,a,cx_stage3,,"[[[71, 217], [113, 217]], [], [true, true]]",
780,q,a,h,,"[[[71, 218]], [], [true]]",
781,q,a,u2,,"[[[72, 1]], [], [true]]",
782,q,a,cx_stage1,,"[[[72, 220], [113, 220]], [], [true, true]]",
783,q,a,cx_stage3,,"[[[72, 220], [113, 220]], [], [true, true]]",
784,q,a,u2,,"[[[72, 221]], [], [true]]",
785,q,a,h,,"[[[73, 1]], [], [true]]",
786,q,a,cx_stage1,,"[[[73, 223], [113, 223]], [], [true, true]]",
787,q,a,cx_stage3,,"[[[73, 223], [113, 223]], [], [true, true]]",
788,q,a,h,,"[[[73, 224]], [], [true]]",
789,q,a,u2,,"[[[74, 1]], [], [true]]",
790,q,a,cx_stage1,,"[[[74, 226], [113, 226]], [], [true, true]]",
791,q,a,cx_stage3,,"[[[74, 226], [113, 226]], [], [true, true]]",
792,q,a,u2,,"[[[74, 227]], [], [true]]",
793,q,a,u2,,"[[[75, 1]], [], [true]]",
794,q,a,cx_stage1,,"[[[75, 229], [113, 229]], [], [true, true]]",
795,q,a,cx_stage3,,"[[[75, 229], [113, 229]], [], [true, true]]",
796,q,a,u2,,"[[[75, 230]], [], [true]]",
797,q,a,h,,"[[[76, 1]], [], [true]]",
798,q,a,cx_stage1,,"[[[76, 232], [113, 232]], [], [true, true]]",
799,q,a,cx_stage3,,"[[[76, 232], [113, 232]], [], [true, true]]",
800,q,a,h,,"[[[76, 233]], [], [true]]",
801,q,a,u2,,"[[[77, 1]], [], [true]]",
802,q,a,cx_stage1,,"[[[77, 235], [113, 235]], [], [true, true]]",
803,q,a,cx_stage3,,"[[[77, 235], [113, 235]], [], [true, true]]",
804,q,a,u2,,"[[[77, 236]], [], [true]]",
805,q,a,u2,,"[[[78, 1]], [], [true]]",
806,q,a,cx_stage1,,"[[[78, 238], [113, 238]], [], [true, true]]",
807,q,a,cx_stage3,,"[[[78, 238], [113, 238]], [], [true, true]]",
808,q,a,u2,,"[[[78, 239]], [], [true]]",
809,q,a,h,,"[[[79, 1]], [], [true]]",
810,q,a,cx_stage1,,"[[[79, 241], [113, 241]], [], [true, true]]",
811,q,a,cx_stage3,,"[[[79, 241], [113, 241]], [], [true, true]]",
812,q,a,h,,"[[[79, 242]], [], [true]]",
813,q,a,h,,"[[[7, 1]], [], [true]]",
814,q,a,cx_stage1,,"[[[7, 25], [113, 25]], [], [true, true]]",
815,q,a,cx_stage3,,"[[[7, 25], [113, 25]], [], [true, true]]",
816,q,a,h,,"[[[7, 26]], [], [true]]",
817,q,a,u2,,"[[[80, 1]], [], [true]]",
818,q,a,cx_stage1,,"[[[80, 244], [113, 244]], [], [true, true]]",
819,q,a,cx_stage3,,"[[[80, 244], [113, 244]], [], [true, true]]",
820,q,a,u2,,"[[[80, 245]], [], [true]]",
821,q,a,h,,"[[[81, 1]], [], [true]]",
822,q,a,cx_stage1,,"[[[81, 247], [113, 247]], [], [true, true]]",
823,q,a,cx_stage3,,"[[[81, 247], [113, 247]], [], [true, true]]",
824,q,a,h,,"[[[81, 248]], [], [true]]",
825,q,a,h,,"[[[82, 1]], [], [true]]",
826,q,a,cx_stage1,,"[[[82, 250], [113, 250]], [], [true, true]]",
827,q,a,cx_stage3,,"[[[82, 250], [113, 250]], [], [true, true]]",
828,q,a,h,,"[[[82, 251]], [], [true]]",
829,q,a,h,,"[[[83, 1]], [], [true]]",
830,q,a,cx_stage1,,"[[[83, 253], [113, 253]], [], [true, true]]",
831,q,a,cx_stage3,,"[[[83, 253], [113, 253]], [], [true, true]]",
832,q,a,h,,"[[[83, 254]], [], [true]]",
833,q,a,h,,"[[[84, 1]], [], [true]]",
834,q,a,cx_stage1,,"[[[84, 256], [113, 256]], [], [true, true]]",
835,q,a,cx_stage3,,"[[[84, 256], [113, 256]], [], [true, true]]",
836,q,a,h,,"[[[84, 257]], [], [true]]",
837,q,a,h,,"[[[85, 1]], [], [true]]",
838,q,a,cx_stage1,,"[[[85, 259], [113, 259]], [], [true, true]]",
839,q,a,cx_stage3,,"[[[85, 259], [113, 259]], [], [true, true]]",
840,q,a,h,,"[[[85, 260]], [], [true]]",
841,q,a,u2,,"[[[86, 1]], [], [true]]",
842,q,a,cx_stage1,,"[[[86, 262], [113, 262]], [], [true, true]]",
843,q,a,cx_stage3,,"[[[86, 262], [113, 262]], [], [true, true]]",
844,q,a,u2,,"[[[86, 263]], [], [true]]",
845,q,a,h,,"[[[87, 1]], [], [true]]",
846,q,a,cx_stage1,,"[[[87, 265], [113, 265]], [], [true, true]]",
847,q,a,cx_stage3,,"[[[87, 265], [113, 265]], [], [true, true]]",
848,q,a,h,,"[[[87, 266]], [], [true]]",
849,q,a,u2,,"[[[88, 1]], [], [true]]",
850,q,a,cx_stage1,,"[[[88, 268], [113, 268]], [], [true, true]]",
851,q,a,cx_stage3,,"[[[88, 268], [113, 268]], [], [true, true]]",
852,q,a,u2,,"[[[88, 269]], [], [true]]",
853,q,a,h,,"[[[89, 1]], [], [true]]",
854,q,a,cx_stage1,,"[[[89, 271], [113, 271]], [], [true, true]]",
855,q,a,cx_stage3,,"[[[89, 271], [113, 271]], [], [true, true]]",
856,q,a,h,,"[[[89, 272]], [], [true]]",
857,q,a,u2,,"[[[8, 1]], [], [true]]",
858,q,a,cx_stage1,,"[[[8, 28], [113, 28]], [], [true, true]]",
859,q,a,cx_stage3,,"[[[8, 28], [113, 28]], [], [true, true]]",
860,q,a,u2,,"[[[8, 29]], [], [true]]",
861,q,a,h,,"[[[90, 1]], [], [true]]",
862,q,a,cx_stage1,,"[[[90, 274], [113, 274]], [], [true, true]]",
863,q,a,cx_stage3,,"[[[90, 274], [113, 274]], [], [true, true]]",
864,q,a,h,,"[[[90, 275]], [], [true]]",
865,q,a,h,,"[[[91, 1]], [], [true]]",
866,q,a,cx_stage1,,"[[[91, 277], [113, 277]], [], [true, true]]",
867,q,a,cx_stage3,,"[[[91, 277], [113, 277]], [], [true, true]]",
868,q,a,h,,"[[[91, 278]], [], [true]]",
869,q,a,h,,"[[[92, 1]], [], [true]]",
870,q,a,cx_stage1,,"[[[92, 280], [113, 280]], [], [true, true]]",
871,q,a,cx_stage3,,"[[[92, 280], [113, 280]], [], [true, true]]",
872,q,a,h,,"[[[92, 281]], [], [true]]",
873,q,a,h,,"[[[93, 1]], [], [true]]",
874,q,a,cx_stage1,,"[[[93, 283], [113, 283]], [], [true, true]]",
875,q,a,cx_stage3,,"[[[93, 283], [113, 283]], [], [true, true]]",
876,q,a,h,,"[[[93, 284]], [], [true]]",
877,q,a,h,,"[[[94, 1]], [], [true]]",
878,q,a,cx_stage1,,"[[[94, 286], [113, 286]], [], [true, true]]",
879,q,a,cx_stage3,,"[[[94, 286], [113, 286]], [], [true, true]]",
880,q,a,h,,"[[[94, 287]], [], [true]]",
881,q,a,h,,"[[[95, 1]], [], [true]]",
882,q,a,cx_stage1,,"[[[95, 289], [113, 289]], [], [true, true]]",
883,q,a,cx_stage3,,"[[[95, 289], [113, 289]], [], [true, true]]",
884,q,a,h,,"[[[95, 290]], [], [true]]",
885,q,a,u2,,"[[[96, 1]], [], [true]]",
886,q,a,cx_stage1,,"[[[96, 292], [113, 292]], [], [true, true]]",
887,q,a,cx_stage3,,"[[[96, 292], [113, 292]], [], [true, true]]",
888,q,a,u2,,"[[[96, 293]], [], [true]]",
889,q,a,u2,,"[[[97, 1]], [], [true]]",
890,q,a,cx_stage1,,"[[[97, 295], [113, 295]], [], [true, true]]",
891,q,a,cx_stage3,,"[[[97, 295], [113, 295]], [], [true, true]]",
892,q,a,u2,,"[[[97, 296]], [], [true]]",
893,q,a,h,,"[[[98, 1]], [], [true]]",
894,q,a,cx_stage1,,"[[[98, 298], [113, 298]], [], [true, true]]",
895,q,a,cx_stage3,,"[[[98, 298], [113, 298]], [], [true, true]]",
896,q,a,h,,"[[[98, 299]], [], [true]]",
897,q,a,u2,,"[[[99, 1]], [], [true]]",
898,q,a,cx_stage1,,"[[[99, 301], [113, 301]], [], [true, true]]",
899,q,a,cx_stage3,,"[[[99, 301], [113, 301]], [], [true, true]]",
900,q,a,u2,,"[[[99, 302]], [], [true]]",
901,q,a,u2,,"[[[9, 1]], [], [true]]",
902,q,a,cx_stage1,,"[[[9, 31], [113, 31]], [], [true, true]]",
903,q,a,cx_stage3,,"[[[9, 31], [113, 31]], [], [true, true]]",
904,q,a,u2,,"[[[9, 32]], [], [true]]",
