circuit,num_qubits,num_nodes,num_quantum_nodes,num_classical_nodes,num_edges,k,overhead,capacity,optimal_cost,heuristic_cost,ratio,brute_force_time,heuristic_time,method,partitions_checked,search_completed,optimal_qubit_counts,heuristic_qubit_counts,optimal_classical_counts,heuristic_classical_counts
ae_indep_qiskit_10,10,381,371,10,317,3,1.0,4,430.0,240.0,0.5581395348837209,300.00052094459534,0.009867191314697266,NODE-LEVEL-TIMED,86,False,"[4, 4, 4]","[4, 4, 4]","[4, 4, 2]","[6, 3, 1]"
ae_indep_qiskit_10,10,381,371,10,317,3,1.1,4,430.0,240.0,0.5581395348837209,300.00046396255493,0.009747028350830078,NODE-LEVEL-TIMED,86,False,"[4, 4, 4]","[4, 4, 4]","[4, 4, 2]","[6, 3, 1]"
ae_indep_qiskit_10,10,381,371,10,317,3,1.2,4,430.0,240.0,0.5581395348837209,300.00049090385437,0.009947776794433594,NODE-LEVEL-TIMED,86,False,"[4, 4, 4]","[4, 4, 4]","[4, 4, 2]","[6, 3, 1]"
ae_indep_qiskit_10,10,381,371,10,317,3,1.3,5,600.0,320.0,0.5333333333333333,300.0004858970642,0.008388042449951172,NODE-LEVEL-TIMED,38,False,"[5, 5, 5]","[5, 5, 5]","[5, 3, 2]","[4, 4, 2]"
ae_indep_qiskit_6,6,153,147,6,127,3,1.0,2,160.0,50.0,0.3125,0.05308699607849121,0.0022988319396972656,NODE-LEVEL-TIMED,5,False,"[2, 2, 2]","[2, 2, 2]","[2, 2, 2]","[3, 1, 2]"
ae_indep_qiskit_6,6,153,147,6,127,3,1.1,3,160.0,150.0,0.9375,382.40898990631104,0.02191615104675293,NODE-LEVEL-TIMED,44,False,"[3, 3, 3]","[3, 3, 3]","[3, 2, 1]","[3, 2, 1]"
ae_indep_qiskit_6,6,153,147,6,127,3,1.2,3,160.0,150.0,0.9375,300.00030279159546,0.002141237258911133,NODE-LEVEL-TIMED,44,False,"[3, 3, 3]","[3, 3, 3]","[3, 2, 1]","[3, 2, 1]"
ae_indep_qiskit_6,6,153,147,6,127,3,1.3,3,160.0,150.0,0.9375,300.00022315979004,0.002109050750732422,NODE-LEVEL-TIMED,44,False,"[3, 3, 3]","[3, 3, 3]","[3, 2, 1]","[3, 2, 1]"
ae_indep_qiskit_7,7,201,194,7,167,3,1.0,3,220.0,150.0,0.6818181818181818,300.00026082992554,0.003259897232055664,NODE-LEVEL-TIMED,25,False,"[3, 3, 3]","[3, 3, 3]","[3, 2, 2]","[4, 2, 1]"
ae_indep_qiskit_7,7,201,194,7,167,3,1.1,3,220.0,150.0,0.6818181818181818,300.0002679824829,0.0032999515533447266,NODE-LEVEL-TIMED,25,False,"[3, 3, 3]","[3, 3, 3]","[3, 2, 2]","[4, 2, 1]"
ae_indep_qiskit_7,7,201,194,7,167,3,1.2,3,220.0,150.0,0.6818181818181818,300.0002689361572,0.00327301025390625,NODE-LEVEL-TIMED,25,False,"[3, 3, 3]","[3, 3, 3]","[3, 2, 2]","[4, 2, 1]"
ae_indep_qiskit_7,7,201,194,7,167,3,1.3,4,240.0,170.0,0.7083333333333334,300.000296831131,0.0029420852661132812,NODE-LEVEL-TIMED,16,False,"[4, 4, 4]","[4, 4, 4]","[4, 3, 0]","[4, 3, 0]"
ae_indep_qiskit_8,8,255,247,8,212,3,1.0,3,250.0,150.0,0.6,300.0003321170807,0.0049250125885009766,NODE-LEVEL-TIMED,54,False,"[3, 3, 3]","[3, 3, 3]","[3, 3, 2]","[5, 2, 1]"
ae_indep_qiskit_8,8,255,247,8,212,3,1.1,3,250.0,150.0,0.6,300.0004210472107,0.0049610137939453125,NODE-LEVEL-TIMED,54,False,"[3, 3, 3]","[3, 3, 3]","[3, 3, 2]","[5, 2, 1]"
ae_indep_qiskit_8,8,255,247,8,212,3,1.2,4,330.0,240.0,0.7272727272727273,300.00044226646423,0.00428009033203125,NODE-LEVEL-TIMED,30,False,"[4, 4, 4]","[4, 4, 4]","[4, 3, 1]","[4, 3, 1]"
ae_indep_qiskit_8,8,255,247,8,212,3,1.3,4,330.0,240.0,0.7272727272727273,300.0003409385681,0.0042989253997802734,NODE-LEVEL-TIMED,30,False,"[4, 4, 4]","[4, 4, 4]","[4, 3, 1]","[4, 3, 1]"
ae_indep_qiskit_9,9,315,306,9,262,3,1.0,3,330.0,150.0,0.45454545454545453,1.634324073791504,0.007627964019775391,NODE-LEVEL-TIMED,7,False,"[3, 3, 3]","[3, 3, 3]","[3, 3, 3]","[6, 2, 1]"
ae_indep_qiskit_9,9,315,306,9,262,3,1.1,4,350.0,240.0,0.6857142857142857,300.0004048347473,0.007172107696533203,NODE-LEVEL-TIMED,18,False,"[4, 4, 4]","[4, 4, 4]","[4, 3, 2]","[5, 3, 1]"
ae_indep_qiskit_9,9,315,306,9,262,3,1.2,4,350.0,240.0,0.6857142857142857,300.0004699230194,0.006857872009277344,NODE-LEVEL-TIMED,18,False,"[4, 4, 4]","[4, 4, 4]","[4, 3, 2]","[5, 3, 1]"
ae_indep_qiskit_9,9,315,306,9,262,3,1.3,4,350.0,240.0,0.6857142857142857,300.00040197372437,0.00670313835144043,NODE-LEVEL-TIMED,18,False,"[4, 4, 4]","[4, 4, 4]","[4, 3, 2]","[5, 3, 1]"
dj_indep_qiskit_10,10,92,83,9,73,3,1.0,4,30.0,50.0,1.6666666666666667,300.0001308917999,0.0009279251098632812,NODE-LEVEL-TIMED,90,False,"[3, 4, 4]","[4, 4, 4]","[3, 3, 3]","[4, 2, 3]"
dj_indep_qiskit_10,10,92,83,9,73,3,1.1,4,30.0,50.0,1.6666666666666667,300.00014090538025,0.0009109973907470703,NODE-LEVEL-TIMED,90,False,"[3, 4, 4]","[4, 4, 4]","[3, 3, 3]","[4, 2, 3]"
dj_indep_qiskit_10,10,92,83,9,73,3,1.2,4,30.0,50.0,1.6666666666666667,300.00013995170593,0.0009479522705078125,NODE-LEVEL-TIMED,90,False,"[3, 4, 4]","[4, 4, 4]","[3, 3, 3]","[4, 2, 3]"
dj_indep_qiskit_10,10,92,83,9,73,3,1.3,5,70.0,40.0,0.5714285714285714,300.00015902519226,0.0009522438049316406,NODE-LEVEL-TIMED,95,False,"[5, 5, 5]","[5, 4, 5]","[3, 3, 3]","[4, 1, 4]"
dj_indep_qiskit_6,6,52,47,5,41,3,1.0,2,40.0,20.0,0.5,0.08643603324890137,0.0005040168762207031,NODE-LEVEL-TIMED,4,False,"[2, 2, 2]","[2, 2, 2]","[2, 2, 1]","[3, 1, 1]"
dj_indep_qiskit_6,6,52,47,5,41,3,1.1,3,10.0,40.0,4.0,0.3187088966369629,0.0005581378936767578,NODE-LEVEL-TIMED,68,False,"[1, 3, 3]","[3, 3, 3]","[1, 2, 2]","[2, 1, 2]"
dj_indep_qiskit_6,6,52,47,5,41,3,1.2,3,10.0,40.0,4.0,0.31940579414367676,0.0005049705505371094,NODE-LEVEL-TIMED,68,False,"[1, 3, 3]","[3, 3, 3]","[1, 2, 2]","[2, 1, 2]"
dj_indep_qiskit_6,6,52,47,5,41,3,1.3,3,10.0,40.0,4.0,0.3172121047973633,0.0005042552947998047,NODE-LEVEL-TIMED,68,False,"[1, 3, 3]","[3, 3, 3]","[1, 2, 2]","[2, 1, 2]"
dj_indep_qiskit_7,7,62,56,6,49,3,1.0,3,20.0,40.0,2.0,1.2016801834106445,0.0005939006805419922,NODE-LEVEL-TIMED,30,False,"[3, 3, 3]","[3, 3, 3]","[2, 2, 2]","[3, 1, 2]"
dj_indep_qiskit_7,7,62,56,6,49,3,1.1,3,20.0,40.0,2.0,1.2355258464813232,0.0005900859832763672,NODE-LEVEL-TIMED,30,False,"[3, 3, 3]","[3, 3, 3]","[2, 2, 2]","[3, 1, 2]"
dj_indep_qiskit_7,7,62,56,6,49,3,1.2,3,20.0,40.0,2.0,1.215925931930542,0.0005991458892822266,NODE-LEVEL-TIMED,30,False,"[3, 3, 3]","[3, 3, 3]","[2, 2, 2]","[3, 1, 2]"
dj_indep_qiskit_7,7,62,56,6,49,3,1.3,4,10.0,30.0,3.0,11.289872169494629,0.0006232261657714844,NODE-LEVEL-TIMED,51,False,"[1, 3, 4]","[4, 2, 4]","[1, 2, 3]","[3, 0, 3]"
dj_indep_qiskit_8,8,72,65,7,57,3,1.0,3,30.0,40.0,1.3333333333333333,2.488913059234619,0.0006921291351318359,NODE-LEVEL-TIMED,47,False,"[3, 3, 3]","[3, 3, 3]","[3, 2, 2]","[4, 1, 2]"
dj_indep_qiskit_8,8,72,65,7,57,3,1.1,3,30.0,40.0,1.3333333333333333,2.4898970127105713,0.000698089599609375,NODE-LEVEL-TIMED,47,False,"[3, 3, 3]","[3, 3, 3]","[3, 2, 2]","[4, 1, 2]"
dj_indep_qiskit_8,8,72,65,7,57,3,1.2,4,10.0,40.0,4.0,41.948708057403564,0.0007810592651367188,NODE-LEVEL-TIMED,70,False,"[4, 4, 1]","[4, 4, 4]","[3, 3, 1]","[3, 1, 3]"
dj_indep_qiskit_8,8,72,65,7,57,3,1.3,4,10.0,40.0,4.0,42.10989809036255,0.0007300376892089844,NODE-LEVEL-TIMED,70,False,"[4, 4, 1]","[4, 4, 4]","[3, 3, 1]","[3, 1, 3]"
dj_indep_qiskit_9,9,82,74,8,65,3,1.0,3,60.0,40.0,0.6666666666666666,4.910967111587524,0.0008251667022705078,NODE-LEVEL-TIMED,6,False,"[3, 3, 3]","[3, 3, 3]","[3, 3, 2]","[5, 1, 2]"
dj_indep_qiskit_9,9,82,74,8,65,3,1.1,4,20.0,50.0,2.5,300.00013279914856,0.0007352828979492188,NODE-LEVEL-TIMED,65,False,"[3, 4, 4]","[4, 4, 4]","[2, 3, 3]","[3, 2, 3]"
dj_indep_qiskit_9,9,82,74,8,65,3,1.2,4,20.0,50.0,2.5,300.00013422966003,0.0008139610290527344,NODE-LEVEL-TIMED,65,False,"[3, 4, 4]","[4, 4, 4]","[2, 3, 3]","[3, 2, 3]"
dj_indep_qiskit_9,9,82,74,8,65,3,1.3,4,20.0,50.0,2.5,300.0001358985901,0.0007810592651367188,NODE-LEVEL-TIMED,65,False,"[3, 4, 4]","[4, 4, 4]","[2, 3, 3]","[3, 2, 3]"
ghz_indep_qiskit_10,10,75,65,10,56,3,1.0,4,20.0,20.0,1.0,5.230651140213013,0.0007810592651367188,NODE-LEVEL-TIMED,61,False,"[4, 4, 4]","[4, 4, 4]","[4, 3, 3]","[4, 3, 3]"
ghz_indep_qiskit_10,10,75,65,10,56,3,1.1,4,20.0,20.0,1.0,5.265687942504883,0.0007729530334472656,NODE-LEVEL-TIMED,61,False,"[4, 4, 4]","[4, 4, 4]","[4, 3, 3]","[4, 3, 3]"
ghz_indep_qiskit_10,10,75,65,10,56,3,1.2,4,20.0,20.0,1.0,5.181624889373779,0.0007660388946533203,NODE-LEVEL-TIMED,61,False,"[4, 4, 4]","[4, 4, 4]","[4, 3, 3]","[4, 3, 3]"
ghz_indep_qiskit_10,10,75,65,10,56,3,1.3,5,10.0,20.0,2.0,4.652496099472046,0.0007801055908203125,NODE-LEVEL-TIMED,121,False,"[5, 5, 2]","[5, 5, 2]","[4, 5, 1]","[5, 4, 1]"
ghz_indep_qiskit_6,6,43,37,6,32,3,1.0,2,20.0,20.0,1.0,0.004751682281494141,0.0004999637603759766,NODE-LEVEL-TIMED,10,False,"[2, 2, 2]","[2, 2, 2]","[2, 2, 2]","[4, 1, 1]"
ghz_indep_qiskit_6,6,43,37,6,32,3,1.1,3,10.0,20.0,2.0,0.01873183250427246,0.0004208087921142578,NODE-LEVEL-TIMED,39,False,"[3, 2, 3]","[3, 3, 2]","[2, 1, 3]","[3, 2, 1]"
ghz_indep_qiskit_6,6,43,37,6,32,3,1.2,3,10.0,20.0,2.0,0.018249034881591797,0.00041794776916503906,NODE-LEVEL-TIMED,39,False,"[3, 2, 3]","[3, 3, 2]","[2, 1, 3]","[3, 2, 1]"
ghz_indep_qiskit_6,6,43,37,6,32,3,1.3,3,10.0,20.0,2.0,0.019330978393554688,0.00041985511779785156,NODE-LEVEL-TIMED,39,False,"[3, 2, 3]","[3, 3, 2]","[2, 1, 3]","[3, 2, 1]"
ghz_indep_qiskit_7,7,51,44,7,38,3,1.0,3,20.0,20.0,1.0,0.292985200881958,0.0005478858947753906,NODE-LEVEL-TIMED,34,False,"[3, 2, 3]","[3, 3, 3]","[2, 2, 3]","[3, 2, 2]"
ghz_indep_qiskit_7,7,51,44,7,38,3,1.1,3,20.0,20.0,1.0,0.28636908531188965,0.000507354736328125,NODE-LEVEL-TIMED,34,False,"[3, 2, 3]","[3, 3, 3]","[2, 2, 3]","[3, 2, 2]"
ghz_indep_qiskit_7,7,51,44,7,38,3,1.2,3,20.0,20.0,1.0,0.28559184074401855,0.0004990100860595703,NODE-LEVEL-TIMED,34,False,"[3, 2, 3]","[3, 3, 3]","[2, 2, 3]","[3, 2, 2]"
ghz_indep_qiskit_7,7,51,44,7,38,3,1.3,4,10.0,20.0,2.0,9.708384037017822,0.0005230903625488281,NODE-LEVEL-TIMED,66,False,"[3, 4, 2]","[4, 4, 1]","[2, 4, 1]","[4, 3, 0]"
ghz_indep_qiskit_8,8,59,51,8,44,3,1.0,3,20.0,20.0,1.0,0.6879189014434814,0.000598907470703125,NODE-LEVEL-TIMED,39,False,"[3, 3, 3]","[3, 3, 3]","[3, 3, 2]","[4, 2, 2]"
ghz_indep_qiskit_8,8,59,51,8,44,3,1.1,3,20.0,20.0,1.0,0.6665439605712891,0.0005829334259033203,NODE-LEVEL-TIMED,39,False,"[3, 3, 3]","[3, 3, 3]","[3, 3, 2]","[4, 2, 2]"
ghz_indep_qiskit_8,8,59,51,8,44,3,1.2,4,10.0,20.0,2.0,2.050741195678711,0.0006148815155029297,NODE-LEVEL-TIMED,69,False,"[4, 4, 2]","[4, 4, 2]","[3, 4, 1]","[4, 3, 1]"
ghz_indep_qiskit_8,8,59,51,8,44,3,1.3,4,10.0,20.0,2.0,2.0806610584259033,0.0006320476531982422,NODE-LEVEL-TIMED,69,False,"[4, 4, 2]","[4, 4, 2]","[3, 4, 1]","[4, 3, 1]"
ghz_indep_qiskit_9,9,67,58,9,50,3,1.0,3,20.0,20.0,1.0,0.2282121181488037,0.0006577968597412109,NODE-LEVEL-TIMED,28,False,"[3, 3, 3]","[3, 3, 3]","[3, 3, 3]","[5, 2, 2]"
ghz_indep_qiskit_9,9,67,58,9,50,3,1.1,4,20.0,20.0,1.0,12.1179940700531,0.0007071495056152344,NODE-LEVEL-TIMED,68,False,"[4, 4, 4]","[4, 4, 3]","[3, 4, 2]","[4, 3, 2]"
ghz_indep_qiskit_9,9,67,58,9,50,3,1.2,4,20.0,20.0,1.0,12.21510100364685,0.0006997585296630859,NODE-LEVEL-TIMED,68,False,"[4, 4, 4]","[4, 4, 3]","[3, 4, 2]","[4, 3, 2]"
ghz_indep_qiskit_9,9,67,58,9,50,3,1.3,4,20.0,20.0,1.0,12.192357063293457,0.0007171630859375,NODE-LEVEL-TIMED,68,False,"[4, 4, 4]","[4, 4, 3]","[3, 4, 2]","[4, 3, 2]"
graphstate_indep_qiskit_10,10,90,80,10,70,3,1.0,4,20.0,30.0,1.5,20.230843782424927,0.0008668899536132812,NODE-LEVEL-TIMED,80,False,"[4, 4, 4]","[4, 4, 4]","[2, 4, 4]","[3, 4, 3]"
graphstate_indep_qiskit_10,10,90,80,10,70,3,1.1,4,20.0,30.0,1.5,20.383501052856445,0.0008821487426757812,NODE-LEVEL-TIMED,80,False,"[4, 4, 4]","[4, 4, 4]","[2, 4, 4]","[3, 4, 3]"
graphstate_indep_qiskit_10,10,90,80,10,70,3,1.2,4,20.0,30.0,1.5,20.902583837509155,0.0008821487426757812,NODE-LEVEL-TIMED,80,False,"[4, 4, 4]","[4, 4, 4]","[2, 4, 4]","[3, 4, 3]"
graphstate_indep_qiskit_10,10,90,80,10,70,3,1.3,5,20.0,30.0,1.5,300.00015020370483,0.0010540485382080078,NODE-LEVEL-TIMED,135,False,"[5, 4, 4]","[5, 4, 4]","[2, 4, 4]","[3, 3, 4]"
graphstate_indep_qiskit_6,6,54,48,6,42,3,1.0,2,30.0,30.0,1.0,0.03700709342956543,0.0004849433898925781,NODE-LEVEL-TIMED,15,False,"[2, 2, 2]","[2, 2, 2]","[2, 2, 2]","[4, 0, 2]"
graphstate_indep_qiskit_6,6,54,48,6,42,3,1.1,3,20.0,40.0,2.0,0.9961197376251221,0.0005390644073486328,NODE-LEVEL-TIMED,41,False,"[3, 3, 3]","[3, 3, 2]","[2, 1, 3]","[2, 3, 1]"
graphstate_indep_qiskit_6,6,54,48,6,42,3,1.2,3,20.0,40.0,2.0,1.002120018005371,0.0005497932434082031,NODE-LEVEL-TIMED,41,False,"[3, 3, 3]","[3, 3, 2]","[2, 1, 3]","[2, 3, 1]"
graphstate_indep_qiskit_6,6,54,48,6,42,3,1.3,3,20.0,40.0,2.0,1.0060510635375977,0.0005538463592529297,NODE-LEVEL-TIMED,41,False,"[3, 3, 3]","[3, 3, 2]","[2, 1, 3]","[2, 3, 1]"
graphstate_indep_qiskit_7,7,63,56,7,49,3,1.0,3,20.0,40.0,2.0,3.4585278034210205,0.0006251335144042969,NODE-LEVEL-TIMED,47,False,"[3, 3, 2]","[3, 3, 3]","[2, 3, 2]","[3, 2, 2]"
graphstate_indep_qiskit_7,7,63,56,7,49,3,1.1,3,20.0,40.0,2.0,3.4707679748535156,0.0006337165832519531,NODE-LEVEL-TIMED,47,False,"[3, 3, 2]","[3, 3, 3]","[2, 3, 2]","[3, 2, 2]"
graphstate_indep_qiskit_7,7,63,56,7,49,3,1.2,3,20.0,40.0,2.0,3.542836904525757,0.0007390975952148438,NODE-LEVEL-TIMED,47,False,"[3, 3, 2]","[3, 3, 3]","[2, 3, 2]","[3, 2, 2]"
graphstate_indep_qiskit_7,7,63,56,7,49,3,1.3,4,0.0,10.0,inf,228.75908088684082,0.0006420612335205078,NODE-LEVEL-TIMED,94,False,"[4, 3, 0]","[3, 4, 1]","[4, 3, 0]","[3, 4, 0]"
graphstate_indep_qiskit_8,8,72,64,8,56,3,1.0,3,20.0,30.0,1.5,1.5778679847717285,0.0007092952728271484,NODE-LEVEL-TIMED,45,False,"[3, 3, 3]","[3, 3, 3]","[3, 3, 2]","[3, 2, 3]"
graphstate_indep_qiskit_8,8,72,64,8,56,3,1.1,3,20.0,30.0,1.5,1.5533361434936523,0.0007081031799316406,NODE-LEVEL-TIMED,45,False,"[3, 3, 3]","[3, 3, 3]","[3, 3, 2]","[3, 2, 3]"
graphstate_indep_qiskit_8,8,72,64,8,56,3,1.2,4,20.0,30.0,1.5,163.11014699935913,0.0007450580596923828,NODE-LEVEL-TIMED,71,False,"[4, 3, 3]","[4, 4, 1]","[4, 3, 1]","[4, 4, 0]"
graphstate_indep_qiskit_8,8,72,64,8,56,3,1.3,4,20.0,30.0,1.5,164.25459814071655,0.0007200241088867188,NODE-LEVEL-TIMED,71,False,"[4, 3, 3]","[4, 4, 1]","[4, 3, 1]","[4, 4, 0]"
graphstate_indep_qiskit_9,9,81,72,9,63,3,1.0,3,40.0,30.0,0.75,0.9557070732116699,0.0007531642913818359,NODE-LEVEL-TIMED,14,False,"[3, 3, 3]","[3, 3, 3]","[3, 3, 3]","[4, 2, 3]"
graphstate_indep_qiskit_9,9,81,72,9,63,3,1.1,4,20.0,40.0,2.0,15.511944055557251,0.0008339881896972656,NODE-LEVEL-TIMED,74,False,"[4, 4, 2]","[4, 4, 4]","[3, 4, 2]","[4, 3, 2]"
graphstate_indep_qiskit_9,9,81,72,9,63,3,1.2,4,20.0,40.0,2.0,15.603910207748413,0.0008273124694824219,NODE-LEVEL-TIMED,74,False,"[4, 4, 2]","[4, 4, 4]","[3, 4, 2]","[4, 3, 2]"
graphstate_indep_qiskit_9,9,81,72,9,63,3,1.3,4,20.0,40.0,2.0,15.76991605758667,0.0008320808410644531,NODE-LEVEL-TIMED,74,False,"[4, 4, 2]","[4, 4, 4]","[3, 4, 2]","[4, 3, 2]"
grover-noancilla_indep_qiskit_10,10,156396,156386,10,130376,3,1.0,4,114416.0,252200.0,2.2042371696266256,600.4111049175262,2996.001121044159,NODE-LEVEL-TIMED,8579,False,"[4, 4, 2]","[4, 4, 4]","[10, 0, 0]","[4, 3, 3]"
grover-noancilla_indep_qiskit_10,10,156396,156386,10,130376,3,1.1,4,114416.0,252200.0,2.2042371696266256,600.4139568805695,2421.680992126465,NODE-LEVEL-TIMED,9639,False,"[4, 4, 2]","[4, 4, 4]","[10, 0, 0]","[4, 3, 3]"
grover-noancilla_indep_qiskit_10,10,156396,156386,10,130376,3,1.2,4,114416.0,252200.0,2.2042371696266256,600.6480951309204,2330.552983045578,NODE-LEVEL-TIMED,10313,False,"[4, 4, 2]","[4, 4, 4]","[10, 0, 0]","[4, 3, 3]"
grover-noancilla_indep_qiskit_10,10,156396,156386,10,130376,3,1.3,5,85005.0,245290.0,2.885594965002059,600.6013820171356,2327.7986068725586,NODE-LEVEL-TIMED,5072,False,"[5, 5, 0]","[5, 5, 5]","[10, 0, 0]","[5, 4, 1]"
grover-noancilla_indep_qiskit_6,6,2222,2216,6,1864,3,1.0,2,2400.0,1100.0,0.4583333333333333,0.32566094398498535,0.37682580947875977,NODE-LEVEL-TIMED,10,False,"[2, 2, 2]","[2, 2, 2]","[2, 2, 2]","[4, 1, 1]"
grover-noancilla_indep_qiskit_6,6,2222,2216,6,1864,3,1.1,3,2410.0,2870.0,1.1908713692946058,300.00275707244873,0.3440070152282715,NODE-LEVEL-TIMED,8,False,"[3, 3, 3]","[3, 3, 3]","[3, 2, 1]","[3, 2, 1]"
grover-noancilla_indep_qiskit_6,6,2222,2216,6,1864,3,1.2,3,2410.0,2870.0,1.1908713692946058,300.0028500556946,0.3370637893676758,NODE-LEVEL-TIMED,8,False,"[3, 3, 3]","[3, 3, 3]","[3, 2, 1]","[3, 2, 1]"
grover-noancilla_indep_qiskit_6,6,2222,2216,6,1864,3,1.3,3,2410.0,2870.0,1.1908713692946058,300.0029971599579,0.35485005378723145,NODE-LEVEL-TIMED,8,False,"[3, 3, 3]","[3, 3, 3]","[3, 2, 1]","[3, 2, 1]"
grover-noancilla_indep_qiskit_9,9,55083,55074,9,45930,3,1.0,3,52926.0,27800.0,0.5252616861278011,342.6519470214844,255.42844700813293,NODE-LEVEL-TIMED,19683,True,"[3, 3, 3]","[3, 3, 3]","[9, 0, 0]","[5, 2, 2]"
grover-noancilla_indep_qiskit_9,9,55083,55074,9,45930,3,1.1,4,39485.0,86470.0,2.1899455489426365,580.2374060153961,239.67633819580078,NODE-LEVEL-TIMED,19683,True,"[4, 4, 1]","[4, 4, 4]","[9, 0, 0]","[4, 3, 2]"
grover-noancilla_indep_qiskit_9,9,55083,55074,9,45930,3,1.2,4,39485.0,86470.0,2.1899455489426365,580.9327719211578,239.31719303131104,NODE-LEVEL-TIMED,19683,True,"[4, 4, 1]","[4, 4, 4]","[9, 0, 0]","[4, 3, 2]"
grover-noancilla_indep_qiskit_9,9,55083,55074,9,45930,3,1.3,4,39485.0,86470.0,2.1899455489426365,579.445974111557,238.41824889183044,NODE-LEVEL-TIMED,19683,True,"[4, 4, 1]","[4, 4, 4]","[9, 0, 0]","[4, 3, 2]"
grover-v-chain_indep_qiskit_7,7,1704,1697,7,1413,3,1.0,3,2030.0,2270.0,1.1182266009852218,300.00356793403625,0.1916370391845703,NODE-LEVEL-TIMED,10,False,"[3, 3, 3]","[3, 3, 3]","[3, 2, 2]","[4, 2, 1]"
grover-v-chain_indep_qiskit_7,7,1704,1697,7,1413,3,1.1,3,2030.0,2270.0,1.1182266009852218,300.002179145813,0.19115209579467773,NODE-LEVEL-TIMED,10,False,"[3, 3, 3]","[3, 3, 3]","[3, 2, 2]","[4, 2, 1]"
grover-v-chain_indep_qiskit_7,7,1704,1697,7,1413,3,1.2,3,2030.0,2270.0,1.1182266009852218,300.00217604637146,0.1917879581451416,NODE-LEVEL-TIMED,10,False,"[3, 3, 3]","[3, 3, 3]","[3, 2, 2]","[4, 2, 1]"
grover-v-chain_indep_qiskit_7,7,1704,1697,7,1413,3,1.3,4,1150.0,2040.0,1.7739130434782608,300.0021848678589,0.4752929210662842,NODE-LEVEL-TIMED,4,False,"[4, 4, 4]","[4, 4, 4]","[4, 2, 1]","[4, 2, 1]"
grover-v-chain_indep_qiskit_9,9,4975,4966,9,4132,3,1.0,3,4206.0,7220.0,1.7165953399904899,303.34401297569275,1.811331033706665,NODE-LEVEL-TIMED,19683,True,"[3, 3, 3]","[3, 3, 3]","[9, 0, 0]","[5, 2, 2]"
grover-v-chain_indep_qiskit_9,9,4975,4966,9,4132,3,1.1,4,2945.0,6720.0,2.2818336162988118,321.81840205192566,1.8001420497894287,NODE-LEVEL-TIMED,19683,True,"[4, 4, 1]","[4, 4, 3]","[9, 0, 0]","[4, 3, 2]"
grover-v-chain_indep_qiskit_9,9,4975,4966,9,4132,3,1.2,4,2945.0,6720.0,2.2818336162988118,322.0434329509735,1.7819960117340088,NODE-LEVEL-TIMED,19683,True,"[4, 4, 1]","[4, 4, 3]","[9, 0, 0]","[4, 3, 2]"
grover-v-chain_indep_qiskit_9,9,4975,4966,9,4132,3,1.3,4,2945.0,6720.0,2.2818336162988118,321.80966091156006,1.8026397228240967,NODE-LEVEL-TIMED,19683,True,"[4, 4, 1]","[4, 4, 3]","[9, 0, 0]","[4, 3, 2]"
portfolioqaoa_indep_qiskit_10,10,870,860,10,725,3,1.0,4,1040.0,770.0,0.7403846153846154,300.00130915641785,0.05147910118103027,NODE-LEVEL-TIMED,40,False,"[4, 4, 4]","[4, 4, 4]","[3, 4, 3]","[5, 3, 2]"
portfolioqaoa_indep_qiskit_10,10,870,860,10,725,3,1.1,4,1040.0,770.0,0.7403846153846154,300.00112676620483,0.05160713195800781,NODE-LEVEL-TIMED,40,False,"[4, 4, 4]","[4, 4, 4]","[3, 4, 3]","[5, 3, 2]"
portfolioqaoa_indep_qiskit_10,10,870,860,10,725,3,1.2,4,1040.0,770.0,0.7403846153846154,300.001100063324,0.05131697654724121,NODE-LEVEL-TIMED,40,False,"[4, 4, 4]","[4, 4, 4]","[3, 4, 3]","[5, 3, 2]"
portfolioqaoa_indep_qiskit_10,10,870,860,10,725,3,1.3,5,1150.0,880.0,0.7652173913043478,300.00113582611084,0.04965829849243164,NODE-LEVEL-TIMED,35,False,"[5, 5, 5]","[5, 5, 5]","[4, 3, 3]","[5, 4, 1]"
portfolioqaoa_indep_qiskit_6,6,306,300,6,255,3,1.0,2,360.0,160.0,0.4444444444444444,0.09501385688781738,0.00782012939453125,NODE-LEVEL-TIMED,5,False,"[2, 2, 2]","[2, 2, 2]","[2, 2, 2]","[4, 1, 1]"
portfolioqaoa_indep_qiskit_6,6,306,300,6,255,3,1.1,3,390.0,340.0,0.8717948717948718,300.0003881454468,0.007627010345458984,NODE-LEVEL-TIMED,12,False,"[3, 3, 3]","[3, 3, 3]","[3, 1, 2]","[3, 2, 1]"
portfolioqaoa_indep_qiskit_6,6,306,300,6,255,3,1.2,3,390.0,340.0,0.8717948717948718,300.000390291214,0.007858037948608398,NODE-LEVEL-TIMED,12,False,"[3, 3, 3]","[3, 3, 3]","[3, 1, 2]","[3, 2, 1]"
portfolioqaoa_indep_qiskit_6,6,306,300,6,255,3,1.3,3,390.0,340.0,0.8717948717948718,300.00037002563477,0.007460117340087891,NODE-LEVEL-TIMED,12,False,"[3, 3, 3]","[3, 3, 3]","[3, 1, 2]","[3, 2, 1]"
portfolioqaoa_indep_qiskit_7,7,420,413,7,350,3,1.0,3,530.0,340.0,0.6415094339622641,300.0005581378937,0.013666868209838867,NODE-LEVEL-TIMED,10,False,"[3, 3, 3]","[3, 3, 3]","[3, 2, 2]","[4, 2, 1]"
portfolioqaoa_indep_qiskit_7,7,420,413,7,350,3,1.1,3,530.0,340.0,0.6415094339622641,300.00057077407837,0.013078927993774414,NODE-LEVEL-TIMED,10,False,"[3, 3, 3]","[3, 3, 3]","[3, 2, 2]","[4, 2, 1]"
portfolioqaoa_indep_qiskit_7,7,420,413,7,350,3,1.2,3,530.0,340.0,0.6415094339622641,300.000529050827,0.013093233108520508,NODE-LEVEL-TIMED,10,False,"[3, 3, 3]","[3, 3, 3]","[3, 2, 2]","[4, 2, 1]"
portfolioqaoa_indep_qiskit_7,7,420,413,7,350,3,1.3,4,520.0,350.0,0.6730769230769231,300.00056886672974,0.013216972351074219,NODE-LEVEL-TIMED,8,False,"[4, 4, 4]","[4, 4, 4]","[4, 1, 2]","[4, 3, 0]"
portfolioqaoa_indep_qiskit_8,8,552,544,8,460,3,1.0,3,640.0,340.0,0.53125,300.0006511211395,0.022601842880249023,NODE-LEVEL-TIMED,6,False,"[3, 3, 3]","[3, 3, 3]","[3, 3, 2]","[5, 2, 1]"
portfolioqaoa_indep_qiskit_8,8,552,544,8,460,3,1.1,3,640.0,340.0,0.53125,300.00070118904114,0.022773027420043945,NODE-LEVEL-TIMED,6,False,"[3, 3, 3]","[3, 3, 3]","[3, 3, 2]","[5, 2, 1]"
portfolioqaoa_indep_qiskit_8,8,552,544,8,460,3,1.2,4,760.0,560.0,0.7368421052631579,300.00075006484985,0.021272897720336914,NODE-LEVEL-TIMED,22,False,"[4, 4, 4]","[4, 4, 4]","[4, 3, 1]","[4, 3, 1]"
portfolioqaoa_indep_qiskit_8,8,552,544,8,460,3,1.3,4,760.0,560.0,0.7368421052631579,300.0007150173187,0.021433115005493164,NODE-LEVEL-TIMED,22,False,"[4, 4, 4]","[4, 4, 4]","[4, 3, 1]","[4, 3, 1]"
portfolioqaoa_indep_qiskit_9,9,702,693,9,585,3,1.0,3,810.0,340.0,0.41975308641975306,5.006567716598511,0.03576397895812988,NODE-LEVEL-TIMED,7,False,"[3, 3, 3]","[3, 3, 3]","[3, 3, 3]","[6, 2, 1]"
portfolioqaoa_indep_qiskit_9,9,702,693,9,585,3,1.1,4,850.0,770.0,0.9058823529411765,300.0008990764618,0.03322196006774902,NODE-LEVEL-TIMED,18,False,"[4, 4, 4]","[4, 4, 4]","[4, 3, 2]","[4, 3, 2]"
portfolioqaoa_indep_qiskit_9,9,702,693,9,585,3,1.2,4,850.0,770.0,0.9058823529411765,300.0009391307831,0.03579235076904297,NODE-LEVEL-TIMED,18,False,"[4, 4, 4]","[4, 4, 4]","[4, 3, 2]","[4, 3, 2]"
portfolioqaoa_indep_qiskit_9,9,702,693,9,585,3,1.3,4,850.0,770.0,0.9058823529411765,300.0009229183197,0.03357410430908203,NODE-LEVEL-TIMED,18,False,"[4, 4, 4]","[4, 4, 4]","[4, 3, 2]","[4, 3, 2]"
portfoliovqe_indep_qiskit_10,10,870,860,10,725,3,1.0,4,1040.0,770.0,0.7403846153846154,300.0011603832245,0.054438114166259766,NODE-LEVEL-TIMED,40,False,"[4, 4, 4]","[4, 4, 4]","[3, 4, 3]","[5, 3, 2]"
portfoliovqe_indep_qiskit_10,10,870,860,10,725,3,1.1,4,1040.0,770.0,0.7403846153846154,300.00117802619934,0.05129694938659668,NODE-LEVEL-TIMED,40,False,"[4, 4, 4]","[4, 4, 4]","[3, 4, 3]","[5, 3, 2]"
portfoliovqe_indep_qiskit_10,10,870,860,10,725,3,1.2,4,1040.0,770.0,0.7403846153846154,300.0013077259064,0.051152944564819336,NODE-LEVEL-TIMED,40,False,"[4, 4, 4]","[4, 4, 4]","[3, 4, 3]","[5, 3, 2]"
portfoliovqe_indep_qiskit_10,10,870,860,10,725,3,1.3,5,1150.0,880.0,0.7652173913043478,300.0011188983917,0.04955697059631348,NODE-LEVEL-TIMED,35,False,"[5, 5, 5]","[5, 5, 5]","[4, 3, 3]","[5, 4, 1]"
portfoliovqe_indep_qiskit_6,6,306,300,6,255,3,1.0,2,360.0,160.0,0.4444444444444444,0.09422898292541504,0.008001089096069336,NODE-LEVEL-TIMED,5,False,"[2, 2, 2]","[2, 2, 2]","[2, 2, 2]","[4, 1, 1]"
portfoliovqe_indep_qiskit_6,6,306,300,6,255,3,1.1,3,390.0,340.0,0.8717948717948718,300.000372171402,0.007405996322631836,NODE-LEVEL-TIMED,12,False,"[3, 3, 3]","[3, 3, 3]","[3, 1, 2]","[3, 2, 1]"
portfoliovqe_indep_qiskit_6,6,306,300,6,255,3,1.2,3,390.0,340.0,0.8717948717948718,300.00046467781067,0.00739598274230957,NODE-LEVEL-TIMED,12,False,"[3, 3, 3]","[3, 3, 3]","[3, 1, 2]","[3, 2, 1]"
portfoliovqe_indep_qiskit_6,6,306,300,6,255,3,1.3,3,390.0,340.0,0.8717948717948718,300.0003800392151,0.00814509391784668,NODE-LEVEL-TIMED,12,False,"[3, 3, 3]","[3, 3, 3]","[3, 1, 2]","[3, 2, 1]"
portfoliovqe_indep_qiskit_7,7,420,413,7,350,3,1.0,3,530.0,340.0,0.6415094339622641,300.0005178451538,0.013192892074584961,NODE-LEVEL-TIMED,10,False,"[3, 3, 3]","[3, 3, 3]","[3, 2, 2]","[4, 2, 1]"
portfoliovqe_indep_qiskit_7,7,420,413,7,350,3,1.1,3,530.0,340.0,0.6415094339622641,300.00054121017456,0.013086080551147461,NODE-LEVEL-TIMED,10,False,"[3, 3, 3]","[3, 3, 3]","[3, 2, 2]","[4, 2, 1]"
portfoliovqe_indep_qiskit_7,7,420,413,7,350,3,1.2,3,530.0,340.0,0.6415094339622641,300.00055384635925,0.013035774230957031,NODE-LEVEL-TIMED,10,False,"[3, 3, 3]","[3, 3, 3]","[3, 2, 2]","[4, 2, 1]"
portfoliovqe_indep_qiskit_7,7,420,413,7,350,3,1.3,4,520.0,350.0,0.6730769230769231,300.0005660057068,0.012866020202636719,NODE-LEVEL-TIMED,8,False,"[4, 4, 4]","[4, 4, 4]","[4, 1, 2]","[4, 3, 0]"
portfoliovqe_indep_qiskit_8,8,552,544,8,460,3,1.0,3,640.0,340.0,0.53125,300.000736951828,0.024527788162231445,NODE-LEVEL-TIMED,6,False,"[3, 3, 3]","[3, 3, 3]","[3, 3, 2]","[5, 2, 1]"
portfoliovqe_indep_qiskit_8,8,552,544,8,460,3,1.1,3,640.0,340.0,0.53125,300.00070905685425,0.022344112396240234,NODE-LEVEL-TIMED,6,False,"[3, 3, 3]","[3, 3, 3]","[3, 3, 2]","[5, 2, 1]"
portfoliovqe_indep_qiskit_8,8,552,544,8,460,3,1.2,4,760.0,560.0,0.7368421052631579,300.0006911754608,0.021155118942260742,NODE-LEVEL-TIMED,22,False,"[4, 4, 4]","[4, 4, 4]","[4, 3, 1]","[4, 3, 1]"
portfoliovqe_indep_qiskit_8,8,552,544,8,460,3,1.3,4,760.0,560.0,0.7368421052631579,300.0007312297821,0.0212860107421875,NODE-LEVEL-TIMED,22,False,"[4, 4, 4]","[4, 4, 4]","[4, 3, 1]","[4, 3, 1]"
portfoliovqe_indep_qiskit_9,9,702,693,9,585,3,1.0,3,810.0,340.0,0.41975308641975306,5.296297311782837,0.036408185958862305,NODE-LEVEL-TIMED,7,False,"[3, 3, 3]","[3, 3, 3]","[3, 3, 3]","[6, 2, 1]"
portfoliovqe_indep_qiskit_9,9,702,693,9,585,3,1.1,4,850.0,770.0,0.9058823529411765,300.00089502334595,0.033370018005371094,NODE-LEVEL-TIMED,18,False,"[4, 4, 4]","[4, 4, 4]","[4, 3, 2]","[4, 3, 2]"
portfoliovqe_indep_qiskit_9,9,702,693,9,585,3,1.2,4,850.0,770.0,0.9058823529411765,300.0009138584137,0.0332951545715332,NODE-LEVEL-TIMED,18,False,"[4, 4, 4]","[4, 4, 4]","[4, 3, 2]","[4, 3, 2]"
portfoliovqe_indep_qiskit_9,9,702,693,9,585,3,1.3,4,850.0,770.0,0.9058823529411765,300.00091433525085,0.03342485427856445,NODE-LEVEL-TIMED,18,False,"[4, 4, 4]","[4, 4, 4]","[4, 3, 2]","[4, 3, 2]"
pricingcall_indep_qiskit_7,7,316,309,7,258,3,1.0,3,200.0,350.0,1.75,300.0003809928894,0.00767207145690918,NODE-LEVEL-TIMED,15,False,"[3, 3, 3]","[3, 3, 3]","[3, 2, 2]","[4, 2, 1]"
pricingcall_indep_qiskit_7,7,316,309,7,258,3,1.1,3,200.0,350.0,1.75,300.0004029273987,0.007490634918212891,NODE-LEVEL-TIMED,15,False,"[3, 3, 3]","[3, 3, 3]","[3, 2, 2]","[4, 2, 1]"
pricingcall_indep_qiskit_7,7,316,309,7,258,3,1.2,3,200.0,350.0,1.75,300.0004768371582,0.00753474235534668,NODE-LEVEL-TIMED,15,False,"[3, 3, 3]","[3, 3, 3]","[3, 2, 2]","[4, 2, 1]"
pricingcall_indep_qiskit_7,7,316,309,7,258,3,1.3,4,440.0,340.0,0.7727272727272727,300.0005347728729,0.006899118423461914,NODE-LEVEL-TIMED,20,False,"[4, 4, 4]","[4, 4, 4]","[4, 1, 2]","[4, 3, 0]"
pricingcall_indep_qiskit_9,9,464,455,9,379,3,1.0,3,250.0,140.0,0.56,0.7591981887817383,0.013544082641601562,NODE-LEVEL-TIMED,28,False,"[3, 3, 3]","[3, 3, 3]","[3, 3, 3]","[5, 1, 3]"
pricingcall_indep_qiskit_9,9,464,455,9,379,3,1.1,4,320.0,470.0,1.46875,300.0005760192871,0.013484716415405273,NODE-LEVEL-TIMED,12,False,"[4, 4, 4]","[4, 4, 4]","[4, 3, 2]","[5, 3, 1]"
pricingcall_indep_qiskit_9,9,464,455,9,379,3,1.2,4,320.0,470.0,1.46875,300.0005741119385,0.013516664505004883,NODE-LEVEL-TIMED,12,False,"[4, 4, 4]","[4, 4, 4]","[4, 3, 2]","[5, 3, 1]"
pricingcall_indep_qiskit_9,9,464,455,9,379,3,1.3,4,320.0,470.0,1.46875,300.0006082057953,0.013619184494018555,NODE-LEVEL-TIMED,12,False,"[4, 4, 4]","[4, 4, 4]","[4, 3, 2]","[5, 3, 1]"
pricingput_indep_qiskit_7,7,318,311,7,260,3,1.0,3,410.0,350.0,0.8536585365853658,300.0004231929779,0.007624149322509766,NODE-LEVEL-TIMED,15,False,"[3, 3, 3]","[3, 3, 3]","[3, 2, 2]","[4, 2, 1]"
pricingput_indep_qiskit_7,7,318,311,7,260,3,1.1,3,410.0,350.0,0.8536585365853658,300.00044226646423,0.007519960403442383,NODE-LEVEL-TIMED,15,False,"[3, 3, 3]","[3, 3, 3]","[3, 2, 2]","[4, 2, 1]"
pricingput_indep_qiskit_7,7,318,311,7,260,3,1.2,3,410.0,350.0,0.8536585365853658,300.0005030632019,0.007545948028564453,NODE-LEVEL-TIMED,15,False,"[3, 3, 3]","[3, 3, 3]","[3, 2, 2]","[4, 2, 1]"
pricingput_indep_qiskit_7,7,318,311,7,260,3,1.3,4,460.0,340.0,0.7391304347826086,300.00046586990356,0.007009029388427734,NODE-LEVEL-TIMED,12,False,"[4, 4, 4]","[4, 4, 4]","[4, 2, 1]","[4, 3, 0]"
pricingput_indep_qiskit_9,9,474,465,9,389,3,1.0,3,250.0,140.0,0.56,0.6915731430053711,0.014075994491577148,NODE-LEVEL-TIMED,28,False,"[3, 3, 3]","[3, 3, 3]","[3, 3, 3]","[5, 1, 3]"
pricingput_indep_qiskit_9,9,474,465,9,389,3,1.1,4,350.0,470.0,1.3428571428571427,300.0005831718445,0.0140380859375,NODE-LEVEL-TIMED,12,False,"[4, 4, 4]","[4, 4, 4]","[4, 2, 3]","[5, 3, 1]"
pricingput_indep_qiskit_9,9,474,465,9,389,3,1.2,4,350.0,470.0,1.3428571428571427,300.00058913230896,0.014154911041259766,NODE-LEVEL-TIMED,12,False,"[4, 4, 4]","[4, 4, 4]","[4, 2, 3]","[5, 3, 1]"
pricingput_indep_qiskit_9,9,474,465,9,389,3,1.3,4,350.0,470.0,1.3428571428571427,300.0005929470062,0.01411294937133789,NODE-LEVEL-TIMED,12,False,"[4, 4, 4]","[4, 4, 4]","[4, 2, 3]","[5, 3, 1]"
qaoa_indep_qiskit_10,10,170,160,10,140,3,1.0,4,40.0,70.0,1.75,300.0002167224884,0.0021190643310546875,NODE-LEVEL-TIMED,72,False,"[4, 4, 4]","[4, 4, 4]","[4, 4, 2]","[3, 4, 3]"
qaoa_indep_qiskit_10,10,170,160,10,140,3,1.1,4,40.0,70.0,1.75,300.00020360946655,0.0021839141845703125,NODE-LEVEL-TIMED,72,False,"[4, 4, 4]","[4, 4, 4]","[4, 4, 2]","[3, 4, 3]"
qaoa_indep_qiskit_10,10,170,160,10,140,3,1.2,4,40.0,70.0,1.75,300.000207901001,0.002212047576904297,NODE-LEVEL-TIMED,72,False,"[4, 4, 4]","[4, 4, 4]","[4, 4, 2]","[3, 4, 3]"
qaoa_indep_qiskit_10,10,170,160,10,140,3,1.3,5,150.0,70.0,0.4666666666666667,300.0002248287201,0.002135753631591797,NODE-LEVEL-TIMED,44,False,"[5, 5, 5]","[5, 5, 5]","[4, 4, 2]","[2, 4, 4]"
qaoa_indep_qiskit_6,6,102,96,6,84,3,1.0,2,60.0,50.0,0.8333333333333334,0.0106964111328125,0.0011272430419921875,NODE-LEVEL-TIMED,5,False,"[2, 2, 2]","[2, 2, 2]","[2, 2, 2]","[3, 2, 1]"
qaoa_indep_qiskit_6,6,102,96,6,84,3,1.1,3,50.0,50.0,1.0,300.0001459121704,0.001161336898803711,NODE-LEVEL-TIMED,29,False,"[3, 3, 3]","[3, 3, 1]","[3, 1, 2]","[3, 3, 0]"
qaoa_indep_qiskit_6,6,102,96,6,84,3,1.2,3,50.0,50.0,1.0,300.00015592575073,0.0011548995971679688,NODE-LEVEL-TIMED,29,False,"[3, 3, 3]","[3, 3, 1]","[3, 1, 2]","[3, 3, 0]"
qaoa_indep_qiskit_6,6,102,96,6,84,3,1.3,3,50.0,50.0,1.0,300.00015902519226,0.0012011528015136719,NODE-LEVEL-TIMED,29,False,"[3, 3, 3]","[3, 3, 1]","[3, 1, 2]","[3, 3, 0]"
qaoa_indep_qiskit_7,7,119,112,7,98,3,1.0,3,40.0,50.0,1.25,109.25521397590637,0.001476287841796875,NODE-LEVEL-TIMED,40,False,"[3, 3, 3]","[3, 3, 2]","[3, 3, 1]","[3, 3, 1]"
qaoa_indep_qiskit_7,7,119,112,7,98,3,1.1,3,40.0,50.0,1.25,109.27275800704956,0.0014472007751464844,NODE-LEVEL-TIMED,40,False,"[3, 3, 3]","[3, 3, 2]","[3, 3, 1]","[3, 3, 1]"
qaoa_indep_qiskit_7,7,119,112,7,98,3,1.2,3,40.0,50.0,1.25,109.50607419013977,0.0014271736145019531,NODE-LEVEL-TIMED,40,False,"[3, 3, 3]","[3, 3, 2]","[3, 3, 1]","[3, 3, 1]"
qaoa_indep_qiskit_7,7,119,112,7,98,3,1.3,4,130.0,10.0,0.07692307692307693,300.0001709461212,0.0013120174407958984,NODE-LEVEL-TIMED,45,False,"[4, 4, 4]","[4, 3, 1]","[2, 3, 2]","[4, 3, 0]"
qaoa_indep_qiskit_8,8,136,128,8,112,3,1.0,3,60.0,70.0,1.1666666666666667,16.31734871864319,0.0016949176788330078,NODE-LEVEL-TIMED,30,False,"[3, 3, 3]","[3, 3, 3]","[3, 3, 2]","[3, 3, 2]"
qaoa_indep_qiskit_8,8,136,128,8,112,3,1.1,3,60.0,70.0,1.1666666666666667,16.293132066726685,0.0016789436340332031,NODE-LEVEL-TIMED,30,False,"[3, 3, 3]","[3, 3, 3]","[3, 3, 2]","[3, 3, 2]"
qaoa_indep_qiskit_8,8,136,128,8,112,3,1.2,4,90.0,50.0,0.5555555555555556,300.00019001960754,0.001837015151977539,NODE-LEVEL-TIMED,43,False,"[4, 4, 4]","[4, 4, 1]","[3, 4, 1]","[4, 4, 0]"
qaoa_indep_qiskit_8,8,136,128,8,112,3,1.3,4,90.0,50.0,0.5555555555555556,300.0001919269562,0.0017421245574951172,NODE-LEVEL-TIMED,43,False,"[4, 4, 4]","[4, 4, 1]","[3, 4, 1]","[4, 4, 0]"
qaoa_indep_qiskit_9,9,153,144,9,126,3,1.0,3,60.0,40.0,0.6666666666666666,0.5658650398254395,0.002106904983520508,NODE-LEVEL-TIMED,21,False,"[3, 3, 3]","[3, 3, 3]","[3, 3, 3]","[4, 3, 2]"
qaoa_indep_qiskit_9,9,153,144,9,126,3,1.1,4,100.0,70.0,0.7,300.00019788742065,0.0020079612731933594,NODE-LEVEL-TIMED,71,False,"[4, 4, 4]","[4, 4, 2]","[4, 2, 3]","[4, 4, 1]"
qaoa_indep_qiskit_9,9,153,144,9,126,3,1.2,4,100.0,70.0,0.7,300.000205039978,0.002007722854614258,NODE-LEVEL-TIMED,71,False,"[4, 4, 4]","[4, 4, 2]","[4, 2, 3]","[4, 4, 1]"
qaoa_indep_qiskit_9,9,153,144,9,126,3,1.3,4,100.0,70.0,0.7,300.00019693374634,0.0020270347595214844,NODE-LEVEL-TIMED,71,False,"[4, 4, 4]","[4, 4, 2]","[4, 2, 3]","[4, 4, 1]"
qft_indep_qiskit_10,10,330,320,10,270,3,1.0,4,380.0,220.0,0.5789473684210527,300.00042510032654,0.0062351226806640625,NODE-LEVEL-TIMED,28,False,"[4, 4, 4]","[4, 4, 4]","[4, 3, 3]","[6, 2, 2]"
qft_indep_qiskit_10,10,330,320,10,270,3,1.1,4,380.0,220.0,0.5789473684210527,300.0004880428314,0.006412982940673828,NODE-LEVEL-TIMED,28,False,"[4, 4, 4]","[4, 4, 4]","[4, 3, 3]","[6, 2, 2]"
qft_indep_qiskit_10,10,330,320,10,270,3,1.2,4,380.0,220.0,0.5789473684210527,300.0004029273987,0.006273031234741211,NODE-LEVEL-TIMED,28,False,"[4, 4, 4]","[4, 4, 4]","[4, 3, 3]","[6, 2, 2]"
qft_indep_qiskit_10,10,330,320,10,270,3,1.3,5,460.0,260.0,0.5652173913043478,300.00050687789917,0.006265878677368164,NODE-LEVEL-TIMED,36,False,"[5, 5, 5]","[5, 5, 5]","[5, 2, 3]","[6, 2, 2]"
qft_indep_qiskit_6,6,126,120,6,102,3,1.0,2,120.0,60.0,0.5,0.016647815704345703,0.0016129016876220703,NODE-LEVEL-TIMED,5,False,"[2, 2, 2]","[2, 2, 2]","[2, 2, 2]","[4, 1, 1]"
qft_indep_qiskit_6,6,126,120,6,102,3,1.1,3,110.0,130.0,1.1818181818181819,300.00017619132996,0.0014078617095947266,NODE-LEVEL-TIMED,39,False,"[3, 3, 3]","[3, 3, 3]","[2, 2, 2]","[3, 2, 1]"
qft_indep_qiskit_6,6,126,120,6,102,3,1.2,3,110.0,130.0,1.1818181818181819,300.0001771450043,0.0014190673828125,NODE-LEVEL-TIMED,39,False,"[3, 3, 3]","[3, 3, 3]","[2, 2, 2]","[3, 2, 1]"
qft_indep_qiskit_6,6,126,120,6,102,3,1.3,3,110.0,130.0,1.1818181818181819,300.00018095970154,0.0013840198516845703,NODE-LEVEL-TIMED,39,False,"[3, 3, 3]","[3, 3, 3]","[2, 2, 2]","[3, 2, 1]"
qft_indep_qiskit_7,7,165,158,7,134,3,1.0,3,150.0,180.0,1.2,300.0002269744873,0.0021059513092041016,NODE-LEVEL-TIMED,25,False,"[3, 3, 3]","[3, 3, 3]","[3, 2, 2]","[3, 2, 2]"
qft_indep_qiskit_7,7,165,158,7,134,3,1.1,3,150.0,180.0,1.2,300.0002210140228,0.0022308826446533203,NODE-LEVEL-TIMED,25,False,"[3, 3, 3]","[3, 3, 3]","[3, 2, 2]","[3, 2, 2]"
qft_indep_qiskit_7,7,165,158,7,134,3,1.2,3,150.0,180.0,1.2,300.00024008750916,0.002106904983520508,NODE-LEVEL-TIMED,25,False,"[3, 3, 3]","[3, 3, 3]","[3, 2, 2]","[3, 2, 2]"
qft_indep_qiskit_7,7,165,158,7,134,3,1.3,4,210.0,160.0,0.7619047619047619,300.00024604797363,0.0021948814392089844,NODE-LEVEL-TIMED,8,False,"[4, 4, 4]","[4, 4, 4]","[4, 1, 2]","[4, 2, 1]"
qft_indep_qiskit_8,8,216,208,8,176,3,1.0,3,200.0,180.0,0.9,300.0002820491791,0.0031049251556396484,NODE-LEVEL-TIMED,49,False,"[3, 3, 3]","[3, 3, 3]","[2, 3, 3]","[4, 2, 2]"
qft_indep_qiskit_8,8,216,208,8,176,3,1.1,3,200.0,180.0,0.9,300.0002601146698,0.003061056137084961,NODE-LEVEL-TIMED,49,False,"[3, 3, 3]","[3, 3, 3]","[2, 3, 3]","[4, 2, 2]"
qft_indep_qiskit_8,8,216,208,8,176,3,1.2,4,260.0,230.0,0.8846153846153846,300.0002920627594,0.0029692649841308594,NODE-LEVEL-TIMED,22,False,"[4, 4, 4]","[4, 4, 4]","[3, 4, 1]","[4, 2, 2]"
qft_indep_qiskit_8,8,216,208,8,176,3,1.3,4,260.0,230.0,0.8846153846153846,300.00028896331787,0.0029611587524414062,NODE-LEVEL-TIMED,22,False,"[4, 4, 4]","[4, 4, 4]","[3, 4, 1]","[4, 2, 2]"
qft_indep_qiskit_9,9,267,258,9,218,3,1.0,3,280.0,180.0,0.6428571428571429,0.7874140739440918,0.004492998123168945,NODE-LEVEL-TIMED,21,False,"[3, 3, 3]","[3, 3, 3]","[3, 3, 3]","[5, 2, 2]"
qft_indep_qiskit_9,9,267,258,9,218,3,1.1,4,330.0,220.0,0.6666666666666666,300.0004427433014,0.00425410270690918,NODE-LEVEL-TIMED,36,False,"[4, 4, 4]","[4, 4, 4]","[4, 3, 2]","[5, 2, 2]"
qft_indep_qiskit_9,9,267,258,9,218,3,1.2,4,330.0,220.0,0.6666666666666666,300.000351190567,0.004228115081787109,NODE-LEVEL-TIMED,36,False,"[4, 4, 4]","[4, 4, 4]","[4, 3, 2]","[5, 2, 2]"
qft_indep_qiskit_9,9,267,258,9,218,3,1.3,4,330.0,220.0,0.6666666666666666,300.00040102005005,0.004240989685058594,NODE-LEVEL-TIMED,36,False,"[4, 4, 4]","[4, 4, 4]","[4, 3, 2]","[5, 2, 2]"
qftentangled_indep_qiskit_10,10,385,375,10,316,3,1.0,4,450.0,390.0,0.8666666666666667,300.00046586990356,0.010337114334106445,NODE-LEVEL-TIMED,28,False,"[4, 4, 4]","[4, 4, 4]","[4, 3, 3]","[4, 3, 3]"
qftentangled_indep_qiskit_10,10,385,375,10,316,3,1.1,4,450.0,390.0,0.8666666666666667,300.0005056858063,0.010748863220214844,NODE-LEVEL-TIMED,28,False,"[4, 4, 4]","[4, 4, 4]","[4, 3, 3]","[4, 3, 3]"
qftentangled_indep_qiskit_10,10,385,375,10,316,3,1.2,4,450.0,390.0,0.8666666666666667,300.0005099773407,0.011356830596923828,NODE-LEVEL-TIMED,28,False,"[4, 4, 4]","[4, 4, 4]","[4, 3, 3]","[4, 3, 3]"
qftentangled_indep_qiskit_10,10,385,375,10,316,3,1.3,5,520.0,360.0,0.6923076923076923,300.00049114227295,0.008949995040893555,NODE-LEVEL-TIMED,12,False,"[5, 5, 5]","[5, 5, 5]","[5, 4, 1]","[5, 4, 1]"
qftentangled_indep_qiskit_6,6,157,151,6,128,3,1.0,2,160.0,80.0,0.5,0.01976799964904785,0.002400636672973633,NODE-LEVEL-TIMED,10,False,"[2, 2, 2]","[2, 2, 2]","[2, 2, 2]","[4, 1, 1]"
qftentangled_indep_qiskit_6,6,157,151,6,128,3,1.1,3,180.0,160.0,0.8888888888888888,300.00022077560425,0.002189159393310547,NODE-LEVEL-TIMED,16,False,"[3, 3, 3]","[3, 3, 3]","[3, 1, 2]","[3, 2, 1]"
qftentangled_indep_qiskit_6,6,157,151,6,128,3,1.2,3,180.0,160.0,0.8888888888888888,300.0002439022064,0.002180814743041992,NODE-LEVEL-TIMED,16,False,"[3, 3, 3]","[3, 3, 3]","[3, 1, 2]","[3, 2, 1]"
qftentangled_indep_qiskit_6,6,157,151,6,128,3,1.3,3,180.0,160.0,0.8888888888888888,300.0002381801605,0.002115964889526367,NODE-LEVEL-TIMED,16,False,"[3, 3, 3]","[3, 3, 3]","[3, 1, 2]","[3, 2, 1]"
qftentangled_indep_qiskit_7,7,202,195,7,165,3,1.0,3,220.0,210.0,0.9545454545454546,300.000271320343,0.003423929214477539,NODE-LEVEL-TIMED,12,False,"[3, 3, 3]","[3, 3, 3]","[3, 1, 3]","[3, 2, 2]"
qftentangled_indep_qiskit_7,7,202,195,7,165,3,1.1,3,220.0,210.0,0.9545454545454546,300.0002679824829,0.0033669471740722656,NODE-LEVEL-TIMED,12,False,"[3, 3, 3]","[3, 3, 3]","[3, 1, 3]","[3, 2, 2]"
qftentangled_indep_qiskit_7,7,202,195,7,165,3,1.2,3,220.0,210.0,0.9545454545454546,300.0002770423889,0.003437042236328125,NODE-LEVEL-TIMED,12,False,"[3, 3, 3]","[3, 3, 3]","[3, 1, 3]","[3, 2, 2]"
qftentangled_indep_qiskit_7,7,202,195,7,165,3,1.3,4,280.0,170.0,0.6071428571428571,300.0002748966217,0.0036249160766601562,NODE-LEVEL-TIMED,10,False,"[4, 4, 4]","[4, 4, 1]","[4, 1, 2]","[4, 3, 0]"
qftentangled_indep_qiskit_8,8,259,251,8,212,3,1.0,3,250.0,200.0,0.8,300.00030493736267,0.005388975143432617,NODE-LEVEL-TIMED,52,False,"[3, 3, 3]","[3, 3, 3]","[3, 3, 2]","[4, 2, 2]"
qftentangled_indep_qiskit_8,8,259,251,8,212,3,1.1,3,250.0,200.0,0.8,300.00038719177246,0.005426883697509766,NODE-LEVEL-TIMED,52,False,"[3, 3, 3]","[3, 3, 3]","[3, 3, 2]","[4, 2, 2]"
qftentangled_indep_qiskit_8,8,259,251,8,212,3,1.2,4,330.0,250.0,0.7575757575757576,300.000422000885,0.004724979400634766,NODE-LEVEL-TIMED,10,False,"[4, 4, 4]","[4, 4, 4]","[4, 2, 2]","[4, 3, 1]"
qftentangled_indep_qiskit_8,8,259,251,8,212,3,1.3,4,330.0,250.0,0.7575757575757576,300.00044083595276,0.00476384162902832,NODE-LEVEL-TIMED,10,False,"[4, 4, 4]","[4, 4, 4]","[4, 2, 2]","[4, 3, 1]"
qftentangled_indep_qiskit_9,9,316,307,9,259,3,1.0,3,320.0,200.0,0.625,1.7940490245819092,0.007874011993408203,NODE-LEVEL-TIMED,42,False,"[3, 3, 3]","[3, 3, 3]","[3, 3, 3]","[5, 2, 2]"
qftentangled_indep_qiskit_9,9,316,307,9,259,3,1.1,4,410.0,320.0,0.7804878048780488,300.0003869533539,0.006671905517578125,NODE-LEVEL-TIMED,20,False,"[4, 4, 4]","[4, 4, 4]","[3, 3, 3]","[4, 3, 2]"
qftentangled_indep_qiskit_9,9,316,307,9,259,3,1.2,4,410.0,320.0,0.7804878048780488,300.0003788471222,0.00668025016784668,NODE-LEVEL-TIMED,20,False,"[4, 4, 4]","[4, 4, 4]","[3, 3, 3]","[4, 3, 2]"
qftentangled_indep_qiskit_9,9,316,307,9,259,3,1.3,4,410.0,320.0,0.7804878048780488,300.0003972053528,0.00659489631652832,NODE-LEVEL-TIMED,20,False,"[4, 4, 4]","[4, 4, 4]","[3, 3, 3]","[4, 3, 2]"
qnn_indep_qiskit_10,10,1284,1274,10,1085,3,1.0,4,1490.0,810.0,0.5436241610738255,300.0015230178833,0.11639571189880371,NODE-LEVEL-TIMED,21,False,"[4, 4, 4]","[4, 4, 4]","[4, 3, 3]","[6, 3, 1]"
qnn_indep_qiskit_10,10,1284,1274,10,1085,3,1.1,4,1490.0,810.0,0.5436241610738255,300.00162291526794,0.11449098587036133,NODE-LEVEL-TIMED,21,False,"[4, 4, 4]","[4, 4, 4]","[4, 3, 3]","[6, 3, 1]"
qnn_indep_qiskit_10,10,1284,1274,10,1085,3,1.2,4,1490.0,810.0,0.5436241610738255,300.00161600112915,0.1148979663848877,NODE-LEVEL-TIMED,21,False,"[4, 4, 4]","[4, 4, 4]","[4, 3, 3]","[6, 3, 1]"
qnn_indep_qiskit_10,10,1284,1274,10,1085,3,1.3,5,1550.0,1200.0,0.7741935483870968,300.00161695480347,0.10954904556274414,NODE-LEVEL-TIMED,20,False,"[5, 5, 5]","[5, 5, 5]","[5, 3, 2]","[5, 4, 1]"
qnn_indep_qiskit_6,6,456,450,6,385,3,1.0,2,500.0,220.0,0.44,0.09043216705322266,0.015601873397827148,NODE-LEVEL-TIMED,20,False,"[2, 2, 2]","[2, 2, 2]","[2, 2, 2]","[4, 1, 1]"
qnn_indep_qiskit_6,6,456,450,6,385,3,1.1,3,560.0,480.0,0.8571428571428571,300.0005831718445,0.014991998672485352,NODE-LEVEL-TIMED,20,False,"[3, 3, 3]","[3, 3, 3]","[2, 1, 3]","[3, 2, 1]"
qnn_indep_qiskit_6,6,456,450,6,385,3,1.2,3,560.0,480.0,0.8571428571428571,300.0005798339844,0.014995813369750977,NODE-LEVEL-TIMED,20,False,"[3, 3, 3]","[3, 3, 3]","[2, 1, 3]","[3, 2, 1]"
qnn_indep_qiskit_6,6,456,450,6,385,3,1.3,3,560.0,480.0,0.8571428571428571,300.00057888031006,0.014772176742553711,NODE-LEVEL-TIMED,20,False,"[3, 3, 3]","[3, 3, 3]","[2, 1, 3]","[3, 2, 1]"
qnn_indep_qiskit_7,7,624,617,7,527,3,1.0,3,710.0,480.0,0.676056338028169,300.00079464912415,0.028451919555664062,NODE-LEVEL-TIMED,30,False,"[3, 3, 3]","[3, 3, 3]","[3, 3, 1]","[4, 2, 1]"
qnn_indep_qiskit_7,7,624,617,7,527,3,1.1,3,710.0,480.0,0.676056338028169,300.0007779598236,0.02858710289001465,NODE-LEVEL-TIMED,30,False,"[3, 3, 3]","[3, 3, 3]","[3, 3, 1]","[4, 2, 1]"
qnn_indep_qiskit_7,7,624,617,7,527,3,1.2,3,710.0,480.0,0.676056338028169,300.0007789134979,0.02788400650024414,NODE-LEVEL-TIMED,30,False,"[3, 3, 3]","[3, 3, 3]","[3, 3, 1]","[4, 2, 1]"
qnn_indep_qiskit_7,7,624,617,7,527,3,1.3,4,750.0,520.0,0.6933333333333334,300.0007827281952,0.0265960693359375,NODE-LEVEL-TIMED,25,False,"[4, 4, 4]","[4, 4, 4]","[3, 2, 2]","[4, 3, 0]"
qnn_indep_qiskit_8,8,818,810,8,691,3,1.0,3,910.0,480.0,0.5274725274725275,300.00104308128357,0.04697680473327637,NODE-LEVEL-TIMED,6,False,"[3, 3, 3]","[3, 3, 3]","[3, 3, 2]","[5, 2, 1]"
qnn_indep_qiskit_8,8,818,810,8,691,3,1.1,3,910.0,480.0,0.5274725274725275,300.0010747909546,0.04680585861206055,NODE-LEVEL-TIMED,6,False,"[3, 3, 3]","[3, 3, 3]","[3, 3, 2]","[5, 2, 1]"
qnn_indep_qiskit_8,8,818,810,8,691,3,1.2,4,860.0,810.0,0.9418604651162791,300.00107288360596,0.044361114501953125,NODE-LEVEL-TIMED,5,False,"[4, 4, 4]","[4, 4, 4]","[4, 3, 1]","[4, 3, 1]"
qnn_indep_qiskit_8,8,818,810,8,691,3,1.3,4,860.0,810.0,0.9418604651162791,300.00107192993164,0.04427909851074219,NODE-LEVEL-TIMED,5,False,"[4, 4, 4]","[4, 4, 4]","[4, 3, 1]","[4, 3, 1]"
qnn_indep_qiskit_9,9,1038,1029,9,877,3,1.0,3,1100.0,480.0,0.43636363636363634,4.341409206390381,0.07683110237121582,NODE-LEVEL-TIMED,42,False,"[3, 3, 3]","[3, 3, 3]","[3, 3, 3]","[6, 2, 1]"
qnn_indep_qiskit_9,9,1038,1029,9,877,3,1.1,4,1160.0,810.0,0.6982758620689655,300.00135493278503,0.07518887519836426,NODE-LEVEL-TIMED,6,False,"[4, 4, 4]","[4, 4, 4]","[4, 2, 3]","[5, 3, 1]"
qnn_indep_qiskit_9,9,1038,1029,9,877,3,1.2,4,1160.0,810.0,0.6982758620689655,300.00143790245056,0.07281994819641113,NODE-LEVEL-TIMED,6,False,"[4, 4, 4]","[4, 4, 4]","[4, 2, 3]","[5, 3, 1]"
qnn_indep_qiskit_9,9,1038,1029,9,877,3,1.3,4,1160.0,810.0,0.6982758620689655,300.0012962818146,0.07297897338867188,NODE-LEVEL-TIMED,6,False,"[4, 4, 4]","[4, 4, 4]","[4, 2, 3]","[5, 3, 1]"
qpeexact_indep_qiskit_10,10,320,311,9,263,3,1.0,4,360.0,280.0,0.7777777777777778,300.000381231308,0.007399797439575195,NODE-LEVEL-TIMED,42,False,"[4, 4, 4]","[4, 4, 4]","[3, 3, 3]","[4, 3, 2]"
qpeexact_indep_qiskit_10,10,320,311,9,263,3,1.1,4,360.0,280.0,0.7777777777777778,300.00048422813416,0.007338047027587891,NODE-LEVEL-TIMED,42,False,"[4, 4, 4]","[4, 4, 4]","[3, 3, 3]","[4, 3, 2]"
qpeexact_indep_qiskit_10,10,320,311,9,263,3,1.2,4,360.0,280.0,0.7777777777777778,300.00050711631775,0.007400035858154297,NODE-LEVEL-TIMED,42,False,"[4, 4, 4]","[4, 4, 4]","[3, 3, 3]","[4, 3, 2]"
qpeexact_indep_qiskit_10,10,320,311,9,263,3,1.3,5,410.0,290.0,0.7073170731707317,300.000510931015,0.006808042526245117,NODE-LEVEL-TIMED,27,False,"[5, 5, 5]","[5, 5, 5]","[3, 2, 4]","[4, 4, 1]"
qpeexact_indep_qiskit_6,6,118,113,5,96,3,1.0,2,110.0,50.0,0.45454545454545453,0.012241125106811523,0.0013859272003173828,NODE-LEVEL-TIMED,12,False,"[2, 2, 2]","[2, 2, 2]","[2, 1, 2]","[3, 1, 1]"
qpeexact_indep_qiskit_6,6,118,113,5,96,3,1.1,3,100.0,120.0,1.2,300.0001640319824,0.0014243125915527344,NODE-LEVEL-TIMED,27,False,"[3, 3, 3]","[3, 3, 2]","[2, 0, 3]","[2, 2, 1]"
qpeexact_indep_qiskit_6,6,118,113,5,96,3,1.2,3,100.0,120.0,1.2,300.00017285346985,0.0014758110046386719,NODE-LEVEL-TIMED,27,False,"[3, 3, 3]","[3, 3, 2]","[2, 0, 3]","[2, 2, 1]"
qpeexact_indep_qiskit_6,6,118,113,5,96,3,1.3,3,100.0,120.0,1.2,300.00016808509827,0.0014541149139404297,NODE-LEVEL-TIMED,27,False,"[3, 3, 3]","[3, 3, 2]","[2, 0, 3]","[2, 2, 1]"
qpeexact_indep_qiskit_7,7,158,152,6,129,3,1.0,3,160.0,170.0,1.0625,300.00022292137146,0.0022430419921875,NODE-LEVEL-TIMED,16,False,"[3, 3, 3]","[3, 3, 3]","[3, 2, 1]","[2, 2, 2]"
qpeexact_indep_qiskit_7,7,158,152,6,129,3,1.1,3,160.0,170.0,1.0625,300.00021600723267,0.0022509098052978516,NODE-LEVEL-TIMED,16,False,"[3, 3, 3]","[3, 3, 3]","[3, 2, 1]","[2, 2, 2]"
qpeexact_indep_qiskit_7,7,158,152,6,129,3,1.2,3,160.0,170.0,1.0625,300.0002250671387,0.0022270679473876953,NODE-LEVEL-TIMED,16,False,"[3, 3, 3]","[3, 3, 3]","[3, 2, 1]","[2, 2, 2]"
qpeexact_indep_qiskit_7,7,158,152,6,129,3,1.3,4,210.0,110.0,0.5238095238095238,300.00022077560425,0.002151012420654297,NODE-LEVEL-TIMED,6,False,"[4, 4, 4]","[4, 4, 4]","[4, 1, 1]","[3, 3, 0]"
qpeexact_indep_qiskit_8,8,216,209,7,177,3,1.0,3,200.0,130.0,0.65,300.0002520084381,0.0037970542907714844,NODE-LEVEL-TIMED,25,False,"[3, 3, 3]","[3, 3, 3]","[3, 3, 1]","[4, 2, 1]"
qpeexact_indep_qiskit_8,8,216,209,7,177,3,1.1,3,200.0,130.0,0.65,300.00025391578674,0.0037419795989990234,NODE-LEVEL-TIMED,25,False,"[3, 3, 3]","[3, 3, 3]","[3, 3, 1]","[4, 2, 1]"
qpeexact_indep_qiskit_8,8,216,209,7,177,3,1.2,4,270.0,230.0,0.8518518518518519,300.0002918243408,0.0035889148712158203,NODE-LEVEL-TIMED,20,False,"[4, 4, 4]","[4, 4, 4]","[3, 3, 1]","[3, 3, 1]"
qpeexact_indep_qiskit_8,8,216,209,7,177,3,1.3,4,270.0,230.0,0.8518518518518519,300.0003139972687,0.003545999526977539,NODE-LEVEL-TIMED,20,False,"[4, 4, 4]","[4, 4, 4]","[3, 3, 1]","[3, 3, 1]"
qpeexact_indep_qiskit_9,9,268,260,8,220,3,1.0,3,270.0,160.0,0.5925925925925926,0.7061059474945068,0.005571126937866211,NODE-LEVEL-TIMED,24,False,"[3, 3, 3]","[3, 3, 3]","[3, 3, 2]","[4, 2, 2]"
qpeexact_indep_qiskit_9,9,268,260,8,220,3,1.1,4,310.0,280.0,0.9032258064516129,300.00041699409485,0.005333900451660156,NODE-LEVEL-TIMED,19,False,"[4, 4, 4]","[4, 4, 4]","[2, 4, 2]","[3, 3, 2]"
qpeexact_indep_qiskit_9,9,268,260,8,220,3,1.2,4,310.0,280.0,0.9032258064516129,300.0004277229309,0.005362033843994141,NODE-LEVEL-TIMED,19,False,"[4, 4, 4]","[4, 4, 4]","[2, 4, 2]","[3, 3, 2]"
qpeexact_indep_qiskit_9,9,268,260,8,220,3,1.3,4,310.0,280.0,0.9032258064516129,300.000422000885,0.005328178405761719,NODE-LEVEL-TIMED,19,False,"[4, 4, 4]","[4, 4, 4]","[2, 4, 2]","[3, 3, 2]"
qpeinexact_indep_qiskit_10,10,332,323,9,273,3,1.0,4,380.0,280.0,0.7368421052631579,300.0004322528839,0.008086919784545898,NODE-LEVEL-TIMED,13,False,"[4, 4, 4]","[4, 4, 4]","[3, 4, 2]","[4, 3, 2]"
qpeinexact_indep_qiskit_10,10,332,323,9,273,3,1.1,4,380.0,280.0,0.7368421052631579,300.00039410591125,0.008014202117919922,NODE-LEVEL-TIMED,13,False,"[4, 4, 4]","[4, 4, 4]","[3, 4, 2]","[4, 3, 2]"
qpeinexact_indep_qiskit_10,10,332,323,9,273,3,1.2,4,380.0,280.0,0.7368421052631579,300.0003912448883,0.007921934127807617,NODE-LEVEL-TIMED,13,False,"[4, 4, 4]","[4, 4, 4]","[3, 4, 2]","[4, 3, 2]"
qpeinexact_indep_qiskit_10,10,332,323,9,273,3,1.3,5,410.0,350.0,0.8536585365853658,300.00041031837463,0.007779121398925781,NODE-LEVEL-TIMED,19,False,"[5, 5, 5]","[5, 5, 5]","[3, 3, 3]","[4, 3, 2]"
qpeinexact_indep_qiskit_6,6,124,119,5,101,3,1.0,2,120.0,50.0,0.4166666666666667,0.015266895294189453,0.0015881061553955078,NODE-LEVEL-TIMED,15,False,"[2, 2, 2]","[2, 2, 2]","[1, 2, 2]","[3, 1, 1]"
qpeinexact_indep_qiskit_6,6,124,119,5,101,3,1.1,3,140.0,140.0,1.0,300.0001800060272,0.0015287399291992188,NODE-LEVEL-TIMED,26,False,"[3, 3, 3]","[3, 3, 3]","[1, 2, 2]","[2, 2, 1]"
qpeinexact_indep_qiskit_6,6,124,119,5,101,3,1.2,3,140.0,140.0,1.0,300.0001811981201,0.0015079975128173828,NODE-LEVEL-TIMED,26,False,"[3, 3, 3]","[3, 3, 3]","[1, 2, 2]","[2, 2, 1]"
qpeinexact_indep_qiskit_6,6,124,119,5,101,3,1.3,3,140.0,140.0,1.0,300.0001850128174,0.001547098159790039,NODE-LEVEL-TIMED,26,False,"[3, 3, 3]","[3, 3, 3]","[1, 2, 2]","[2, 2, 1]"
qpeinexact_indep_qiskit_7,7,170,164,6,139,3,1.0,3,170.0,130.0,0.7647058823529411,300.00023198127747,0.002538919448852539,NODE-LEVEL-TIMED,20,False,"[3, 3, 3]","[3, 3, 3]","[3, 1, 2]","[3, 2, 1]"
qpeinexact_indep_qiskit_7,7,170,164,6,139,3,1.1,3,170.0,130.0,0.7647058823529411,300.0002417564392,0.002560138702392578,NODE-LEVEL-TIMED,20,False,"[3, 3, 3]","[3, 3, 3]","[3, 1, 2]","[3, 2, 1]"
qpeinexact_indep_qiskit_7,7,170,164,6,139,3,1.2,3,170.0,130.0,0.7647058823529411,300.00022411346436,0.0025529861450195312,NODE-LEVEL-TIMED,20,False,"[3, 3, 3]","[3, 3, 3]","[3, 1, 2]","[3, 2, 1]"
qpeinexact_indep_qiskit_7,7,170,164,6,139,3,1.3,4,250.0,170.0,0.68,300.00023102760315,0.0025060176849365234,NODE-LEVEL-TIMED,14,False,"[4, 4, 4]","[4, 4, 4]","[3, 1, 2]","[3, 3, 0]"
qpeinexact_indep_qiskit_8,8,216,209,7,177,3,1.0,3,200.0,130.0,0.65,300.00023794174194,0.0037648677825927734,NODE-LEVEL-TIMED,25,False,"[3, 3, 3]","[3, 3, 3]","[3, 3, 1]","[4, 2, 1]"
qpeinexact_indep_qiskit_8,8,216,209,7,177,3,1.1,3,200.0,130.0,0.65,300.0002591609955,0.0037598609924316406,NODE-LEVEL-TIMED,25,False,"[3, 3, 3]","[3, 3, 3]","[3, 3, 1]","[4, 2, 1]"
qpeinexact_indep_qiskit_8,8,216,209,7,177,3,1.2,4,270.0,230.0,0.8518518518518519,600.8501052856445,0.027456998825073242,NODE-LEVEL-TIMED,20,False,"[4, 4, 4]","[4, 4, 4]","[3, 3, 1]","[3, 3, 1]"
qpeinexact_indep_qiskit_8,8,216,209,7,177,3,1.3,4,270.0,230.0,0.8518518518518519,300.00045800209045,0.00362396240234375,NODE-LEVEL-TIMED,20,False,"[4, 4, 4]","[4, 4, 4]","[3, 3, 1]","[3, 3, 1]"
qpeinexact_indep_qiskit_9,9,274,266,8,225,3,1.0,3,280.0,130.0,0.4642857142857143,2.0046889781951904,0.0059549808502197266,NODE-LEVEL-TIMED,19,False,"[3, 3, 3]","[3, 3, 3]","[3, 3, 2]","[5, 2, 1]"
qpeinexact_indep_qiskit_9,9,274,266,8,225,3,1.1,4,320.0,290.0,0.90625,300.0005979537964,0.00591588020324707,NODE-LEVEL-TIMED,25,False,"[4, 4, 4]","[4, 4, 4]","[4, 2, 2]","[3, 3, 2]"
qpeinexact_indep_qiskit_9,9,274,266,8,225,3,1.2,4,320.0,290.0,0.90625,300.0003762245178,0.005438804626464844,NODE-LEVEL-TIMED,25,False,"[4, 4, 4]","[4, 4, 4]","[4, 2, 2]","[3, 3, 2]"
qpeinexact_indep_qiskit_9,9,274,266,8,225,3,1.3,4,320.0,290.0,0.90625,300.00052094459534,0.005791902542114258,NODE-LEVEL-TIMED,25,False,"[4, 4, 4]","[4, 4, 4]","[4, 2, 2]","[3, 3, 2]"
qwalk-noancilla_indep_qiskit_10,10,72725,72715,10,60637,3,1.0,4,60546.0,44930.0,0.742080401678063,600.1698820590973,506.1139557361603,NODE-LEVEL-TIMED,19549,False,"[4, 4, 2]","[4, 4, 4]","[10, 0, 0]","[5, 4, 1]"
qwalk-noancilla_indep_qiskit_10,10,72725,72715,10,60637,3,1.1,4,60546.0,44930.0,0.742080401678063,600.4675710201263,510.2344436645508,NODE-LEVEL-TIMED,20913,False,"[4, 4, 2]","[4, 4, 4]","[10, 0, 0]","[5, 4, 1]"
qwalk-noancilla_indep_qiskit_10,10,72725,72715,10,60637,3,1.2,4,60546.0,44930.0,0.742080401678063,600.4568438529968,491.3337380886078,NODE-LEVEL-TIMED,20315,False,"[4, 4, 2]","[4, 4, 4]","[10, 0, 0]","[5, 4, 1]"
qwalk-noancilla_indep_qiskit_10,10,72725,72715,10,60637,3,1.3,5,45005.0,102040.0,2.2673036329296745,600.1338419914246,463.86337900161743,NODE-LEVEL-TIMED,9938,False,"[5, 5, 0]","[5, 5, 2]","[10, 0, 0]","[5, 4, 1]"
qwalk-v-chain_indep_qiskit_7,7,561,554,7,440,3,1.0,3,500.0,430.0,0.86,300.0011782646179,0.025513887405395508,NODE-LEVEL-TIMED,8,False,"[3, 3, 3]","[3, 3, 3]","[3, 2, 2]","[3, 3, 1]"
qwalk-v-chain_indep_qiskit_7,7,561,554,7,440,3,1.1,3,500.0,430.0,0.86,300.00076699256897,0.02412700653076172,NODE-LEVEL-TIMED,8,False,"[3, 3, 3]","[3, 3, 3]","[3, 2, 2]","[3, 3, 1]"
qwalk-v-chain_indep_qiskit_7,7,561,554,7,440,3,1.2,3,500.0,430.0,0.86,300.0007212162018,0.02335834503173828,NODE-LEVEL-TIMED,8,False,"[3, 3, 3]","[3, 3, 3]","[3, 2, 2]","[3, 3, 1]"
qwalk-v-chain_indep_qiskit_7,7,561,554,7,440,3,1.3,4,460.0,560.0,1.2173913043478262,300.0007288455963,0.023869037628173828,NODE-LEVEL-TIMED,15,False,"[4, 4, 4]","[4, 4, 4]","[4, 2, 1]","[4, 3, 0]"
qwalk-v-chain_indep_qiskit_9,9,949,940,9,742,3,1.0,3,780.0,720.0,0.9230769230769231,5.911020994186401,0.06985592842102051,NODE-LEVEL-TIMED,21,False,"[3, 3, 3]","[3, 3, 3]","[3, 3, 3]","[4, 3, 2]"
qwalk-v-chain_indep_qiskit_9,9,949,940,9,742,3,1.1,4,1100.0,840.0,0.7636363636363637,300.0011808872223,0.06635522842407227,NODE-LEVEL-TIMED,24,False,"[4, 4, 4]","[4, 4, 4]","[4, 3, 2]","[4, 4, 1]"
qwalk-v-chain_indep_qiskit_9,9,949,940,9,742,3,1.2,4,1100.0,840.0,0.7636363636363637,300.00132393836975,0.06694388389587402,NODE-LEVEL-TIMED,24,False,"[4, 4, 4]","[4, 4, 4]","[4, 3, 2]","[4, 4, 1]"
qwalk-v-chain_indep_qiskit_9,9,949,940,9,742,3,1.3,4,1100.0,840.0,0.7636363636363637,300.0016598701477,0.06786990165710449,NODE-LEVEL-TIMED,24,False,"[4, 4, 4]","[4, 4, 4]","[4, 3, 2]","[4, 4, 1]"
random_indep_qiskit_10,10,665,655,10,563,3,1.0,4,630.0,480.0,0.7619047619047619,300.00108194351196,0.029437780380249023,NODE-LEVEL-TIMED,24,False,"[4, 4, 4]","[4, 4, 4]","[3, 3, 4]","[5, 3, 2]"
random_indep_qiskit_10,10,665,655,10,563,3,1.1,4,630.0,480.0,0.7619047619047619,300.00082087516785,0.028763294219970703,NODE-LEVEL-TIMED,24,False,"[4, 4, 4]","[4, 4, 4]","[3, 3, 4]","[5, 3, 2]"
random_indep_qiskit_10,10,665,655,10,563,3,1.2,4,630.0,480.0,0.7619047619047619,300.0008239746094,0.029742956161499023,NODE-LEVEL-TIMED,24,False,"[4, 4, 4]","[4, 4, 4]","[3, 3, 4]","[5, 3, 2]"
random_indep_qiskit_10,10,665,655,10,563,3,1.3,5,820.0,480.0,0.5853658536585366,300.0009081363678,0.028063058853149414,NODE-LEVEL-TIMED,16,False,"[5, 5, 5]","[5, 5, 2]","[3, 3, 4]","[5, 4, 1]"
random_indep_qiskit_6,6,242,236,6,204,3,1.0,2,220.0,190.0,0.8636363636363636,0.03359079360961914,0.004978179931640625,NODE-LEVEL-TIMED,15,False,"[2, 2, 2]","[2, 2, 2]","[2, 2, 2]","[3, 2, 1]"
random_indep_qiskit_6,6,242,236,6,204,3,1.1,3,250.0,180.0,0.72,300.0004289150238,0.0048520565032958984,NODE-LEVEL-TIMED,16,False,"[3, 3, 3]","[3, 3, 1]","[3, 2, 1]","[3, 3, 0]"
random_indep_qiskit_6,6,242,236,6,204,3,1.2,3,250.0,180.0,0.72,300.000452041626,0.0046269893646240234,NODE-LEVEL-TIMED,16,False,"[3, 3, 3]","[3, 3, 1]","[3, 2, 1]","[3, 3, 0]"
random_indep_qiskit_6,6,242,236,6,204,3,1.3,3,250.0,180.0,0.72,300.0004563331604,0.004610776901245117,NODE-LEVEL-TIMED,16,False,"[3, 3, 3]","[3, 3, 1]","[3, 2, 1]","[3, 3, 0]"
random_indep_qiskit_7,7,354,347,7,300,3,1.0,3,440.0,250.0,0.5681818181818182,300.0006539821625,0.009420156478881836,NODE-LEVEL-TIMED,15,False,"[3, 3, 3]","[3, 3, 2]","[3, 2, 2]","[3, 3, 1]"
random_indep_qiskit_7,7,354,347,7,300,3,1.1,3,440.0,250.0,0.5681818181818182,300.00045800209045,0.009824037551879883,NODE-LEVEL-TIMED,15,False,"[3, 3, 3]","[3, 3, 2]","[3, 2, 2]","[3, 3, 1]"
random_indep_qiskit_7,7,354,347,7,300,3,1.2,3,440.0,250.0,0.5681818181818182,300.00048875808716,0.009782075881958008,NODE-LEVEL-TIMED,15,False,"[3, 3, 3]","[3, 3, 2]","[3, 2, 2]","[3, 3, 1]"
random_indep_qiskit_7,7,354,347,7,300,3,1.3,4,460.0,260.0,0.5652173913043478,300.0004668235779,0.007622241973876953,NODE-LEVEL-TIMED,15,False,"[4, 4, 4]","[4, 4, 4]","[3, 2, 2]","[4, 2, 1]"
random_indep_qiskit_8,8,473,465,8,402,3,1.0,3,480.0,330.0,0.6875,300.00066018104553,0.01506495475769043,NODE-LEVEL-TIMED,48,False,"[3, 3, 3]","[3, 3, 3]","[3, 3, 2]","[4, 2, 2]"
random_indep_qiskit_8,8,473,465,8,402,3,1.1,3,480.0,330.0,0.6875,300.00060176849365,0.015250921249389648,NODE-LEVEL-TIMED,48,False,"[3, 3, 3]","[3, 3, 3]","[3, 3, 2]","[4, 2, 2]"
random_indep_qiskit_8,8,473,465,8,402,3,1.2,4,540.0,320.0,0.5925925925925926,300.0006091594696,0.01426386833190918,NODE-LEVEL-TIMED,20,False,"[4, 4, 4]","[4, 4, 4]","[4, 2, 2]","[4, 3, 1]"
random_indep_qiskit_8,8,473,465,8,402,3,1.3,4,540.0,320.0,0.5925925925925926,300.00060200691223,0.01436614990234375,NODE-LEVEL-TIMED,20,False,"[4, 4, 4]","[4, 4, 4]","[4, 2, 2]","[4, 3, 1]"
random_indep_qiskit_9,9,516,507,9,437,3,1.0,3,330.0,310.0,0.9393939393939394,4.460341930389404,0.019179105758666992,NODE-LEVEL-TIMED,42,False,"[3, 3, 3]","[3, 3, 3]","[3, 3, 3]","[4, 3, 2]"
random_indep_qiskit_9,9,516,507,9,437,3,1.1,4,580.0,490.0,0.8448275862068966,300.0006318092346,0.01638507843017578,NODE-LEVEL-TIMED,30,False,"[4, 4, 4]","[4, 4, 4]","[4, 3, 2]","[4, 3, 2]"
random_indep_qiskit_9,9,516,507,9,437,3,1.2,4,580.0,490.0,0.8448275862068966,300.0006248950958,0.01630878448486328,NODE-LEVEL-TIMED,30,False,"[4, 4, 4]","[4, 4, 4]","[4, 3, 2]","[4, 3, 2]"
random_indep_qiskit_9,9,516,507,9,437,3,1.3,4,580.0,490.0,0.8448275862068966,300.0006568431854,0.016536712646484375,NODE-LEVEL-TIMED,30,False,"[4, 4, 4]","[4, 4, 4]","[4, 3, 2]","[4, 3, 2]"
realamprandom_indep_qiskit_10,10,870,860,10,725,3,1.0,4,1040.0,770.0,0.7403846153846154,300.0011019706726,0.05277395248413086,NODE-LEVEL-TIMED,40,False,"[4, 4, 4]","[4, 4, 4]","[3, 4, 3]","[5, 3, 2]"
realamprandom_indep_qiskit_10,10,870,860,10,725,3,1.1,4,1040.0,770.0,0.7403846153846154,300.00107979774475,0.051586151123046875,NODE-LEVEL-TIMED,40,False,"[4, 4, 4]","[4, 4, 4]","[3, 4, 3]","[5, 3, 2]"
realamprandom_indep_qiskit_10,10,870,860,10,725,3,1.2,4,1040.0,770.0,0.7403846153846154,300.00111413002014,0.0514371395111084,NODE-LEVEL-TIMED,40,False,"[4, 4, 4]","[4, 4, 4]","[3, 4, 3]","[5, 3, 2]"
realamprandom_indep_qiskit_10,10,870,860,10,725,3,1.3,5,1150.0,880.0,0.7652173913043478,300.00107502937317,0.04995584487915039,NODE-LEVEL-TIMED,35,False,"[5, 5, 5]","[5, 5, 5]","[4, 3, 3]","[5, 4, 1]"
realamprandom_indep_qiskit_6,6,306,300,6,255,3,1.0,2,360.0,160.0,0.4444444444444444,0.09546113014221191,0.008069753646850586,NODE-LEVEL-TIMED,5,False,"[2, 2, 2]","[2, 2, 2]","[2, 2, 2]","[4, 1, 1]"
realamprandom_indep_qiskit_6,6,306,300,6,255,3,1.1,3,390.0,340.0,0.8717948717948718,300.0003981590271,0.007388114929199219,NODE-LEVEL-TIMED,12,False,"[3, 3, 3]","[3, 3, 3]","[3, 1, 2]","[3, 2, 1]"
realamprandom_indep_qiskit_6,6,306,300,6,255,3,1.2,3,390.0,340.0,0.8717948717948718,300.0004029273987,0.007790803909301758,NODE-LEVEL-TIMED,12,False,"[3, 3, 3]","[3, 3, 3]","[3, 1, 2]","[3, 2, 1]"
realamprandom_indep_qiskit_6,6,306,300,6,255,3,1.3,3,390.0,340.0,0.8717948717948718,300.00040888786316,0.00786900520324707,NODE-LEVEL-TIMED,12,False,"[3, 3, 3]","[3, 3, 3]","[3, 1, 2]","[3, 2, 1]"
realamprandom_indep_qiskit_7,7,420,413,7,350,3,1.0,3,530.0,340.0,0.6415094339622641,300.00052094459534,0.013321876525878906,NODE-LEVEL-TIMED,10,False,"[3, 3, 3]","[3, 3, 3]","[3, 2, 2]","[4, 2, 1]"
realamprandom_indep_qiskit_7,7,420,413,7,350,3,1.1,3,530.0,340.0,0.6415094339622641,300.00052309036255,0.013239145278930664,NODE-LEVEL-TIMED,10,False,"[3, 3, 3]","[3, 3, 3]","[3, 2, 2]","[4, 2, 1]"
realamprandom_indep_qiskit_7,7,420,413,7,350,3,1.2,3,530.0,340.0,0.6415094339622641,300.00055599212646,0.013373851776123047,NODE-LEVEL-TIMED,10,False,"[3, 3, 3]","[3, 3, 3]","[3, 2, 2]","[4, 2, 1]"
realamprandom_indep_qiskit_7,7,420,413,7,350,3,1.3,4,520.0,350.0,0.6730769230769231,300.0005888938904,0.012833118438720703,NODE-LEVEL-TIMED,8,False,"[4, 4, 4]","[4, 4, 4]","[4, 1, 2]","[4, 3, 0]"
realamprandom_indep_qiskit_8,8,552,544,8,460,3,1.0,3,640.0,340.0,0.53125,300.0006899833679,0.022511959075927734,NODE-LEVEL-TIMED,6,False,"[3, 3, 3]","[3, 3, 3]","[3, 3, 2]","[5, 2, 1]"
realamprandom_indep_qiskit_8,8,552,544,8,460,3,1.1,3,640.0,340.0,0.53125,300.00067377090454,0.022645950317382812,NODE-LEVEL-TIMED,6,False,"[3, 3, 3]","[3, 3, 3]","[3, 3, 2]","[5, 2, 1]"
realamprandom_indep_qiskit_8,8,552,544,8,460,3,1.2,4,760.0,560.0,0.7368421052631579,300.00071716308594,0.022231101989746094,NODE-LEVEL-TIMED,22,False,"[4, 4, 4]","[4, 4, 4]","[4, 3, 1]","[4, 3, 1]"
realamprandom_indep_qiskit_8,8,552,544,8,460,3,1.3,4,760.0,560.0,0.7368421052631579,300.0006980895996,0.022005081176757812,NODE-LEVEL-TIMED,22,False,"[4, 4, 4]","[4, 4, 4]","[4, 3, 1]","[4, 3, 1]"
realamprandom_indep_qiskit_9,9,702,693,9,585,3,1.0,3,810.0,340.0,0.41975308641975306,5.381163835525513,0.036038875579833984,NODE-LEVEL-TIMED,7,False,"[3, 3, 3]","[3, 3, 3]","[3, 3, 3]","[6, 2, 1]"
realamprandom_indep_qiskit_9,9,702,693,9,585,3,1.1,4,850.0,770.0,0.9058823529411765,300.0017991065979,0.03591513633728027,NODE-LEVEL-TIMED,18,False,"[4, 4, 4]","[4, 4, 4]","[4, 3, 2]","[4, 3, 2]"
realamprandom_indep_qiskit_9,9,702,693,9,585,3,1.2,4,850.0,770.0,0.9058823529411765,300.0009310245514,0.033544063568115234,NODE-LEVEL-TIMED,18,False,"[4, 4, 4]","[4, 4, 4]","[4, 3, 2]","[4, 3, 2]"
realamprandom_indep_qiskit_9,9,702,693,9,585,3,1.3,4,850.0,770.0,0.9058823529411765,300.0009789466858,0.03319692611694336,NODE-LEVEL-TIMED,18,False,"[4, 4, 4]","[4, 4, 4]","[4, 3, 2]","[4, 3, 2]"
routing_indep_qiskit_6,6,126,120,6,105,3,1.0,2,60.0,60.0,1.0,0.012214899063110352,0.0015249252319335938,NODE-LEVEL-TIMED,20,False,"[2, 2, 2]","[2, 2, 2]","[2, 2, 2]","[4, 1, 1]"
routing_indep_qiskit_6,6,126,120,6,105,3,1.1,3,130.0,70.0,0.5384615384615384,300.00018405914307,0.0014951229095458984,NODE-LEVEL-TIMED,33,False,"[3, 3, 3]","[3, 3, 3]","[1, 3, 2]","[3, 2, 1]"
routing_indep_qiskit_6,6,126,120,6,105,3,1.2,3,130.0,70.0,0.5384615384615384,300.000195980072,0.0013890266418457031,NODE-LEVEL-TIMED,33,False,"[3, 3, 3]","[3, 3, 3]","[1, 3, 2]","[3, 2, 1]"
routing_indep_qiskit_6,6,126,120,6,105,3,1.3,3,130.0,70.0,0.5384615384615384,300.0001890659332,0.0014920234680175781,NODE-LEVEL-TIMED,33,False,"[3, 3, 3]","[3, 3, 3]","[1, 3, 2]","[3, 2, 1]"
su2random_indep_qiskit_10,10,870,860,10,725,3,1.0,4,1040.0,770.0,0.7403846153846154,300.00121879577637,0.05283808708190918,NODE-LEVEL-TIMED,40,False,"[4, 4, 4]","[4, 4, 4]","[3, 4, 3]","[5, 3, 2]"
su2random_indep_qiskit_10,10,870,860,10,725,3,1.1,4,1040.0,770.0,0.7403846153846154,300.00120401382446,0.05340981483459473,NODE-LEVEL-TIMED,40,False,"[4, 4, 4]","[4, 4, 4]","[3, 4, 3]","[5, 3, 2]"
su2random_indep_qiskit_10,10,870,860,10,725,3,1.2,4,1040.0,770.0,0.7403846153846154,300.0011100769043,0.05256032943725586,NODE-LEVEL-TIMED,40,False,"[4, 4, 4]","[4, 4, 4]","[3, 4, 3]","[5, 3, 2]"
su2random_indep_qiskit_10,10,870,860,10,725,3,1.3,5,1150.0,880.0,0.7652173913043478,300.001207113266,0.05251622200012207,NODE-LEVEL-TIMED,35,False,"[5, 5, 5]","[5, 5, 5]","[4, 3, 3]","[5, 4, 1]"
su2random_indep_qiskit_6,6,306,300,6,255,3,1.0,2,360.0,160.0,0.4444444444444444,0.09995007514953613,0.008484840393066406,NODE-LEVEL-TIMED,5,False,"[2, 2, 2]","[2, 2, 2]","[2, 2, 2]","[4, 1, 1]"
su2random_indep_qiskit_6,6,306,300,6,255,3,1.1,3,390.0,340.0,0.8717948717948718,300.00043177604675,0.007946014404296875,NODE-LEVEL-TIMED,12,False,"[3, 3, 3]","[3, 3, 3]","[3, 1, 2]","[3, 2, 1]"
su2random_indep_qiskit_6,6,306,300,6,255,3,1.2,3,390.0,340.0,0.8717948717948718,300.0004379749298,0.0074920654296875,NODE-LEVEL-TIMED,12,False,"[3, 3, 3]","[3, 3, 3]","[3, 1, 2]","[3, 2, 1]"
su2random_indep_qiskit_6,6,306,300,6,255,3,1.3,3,390.0,340.0,0.8717948717948718,300.00041604042053,0.007529020309448242,NODE-LEVEL-TIMED,12,False,"[3, 3, 3]","[3, 3, 3]","[3, 1, 2]","[3, 2, 1]"
su2random_indep_qiskit_7,7,420,413,7,350,3,1.0,3,530.0,340.0,0.6415094339622641,300.00062680244446,0.013325214385986328,NODE-LEVEL-TIMED,10,False,"[3, 3, 3]","[3, 3, 3]","[3, 2, 2]","[4, 2, 1]"
su2random_indep_qiskit_7,7,420,413,7,350,3,1.1,3,530.0,340.0,0.6415094339622641,300.00054812431335,0.013374805450439453,NODE-LEVEL-TIMED,10,False,"[3, 3, 3]","[3, 3, 3]","[3, 2, 2]","[4, 2, 1]"
su2random_indep_qiskit_7,7,420,413,7,350,3,1.2,3,530.0,340.0,0.6415094339622641,300.00053310394287,0.013440132141113281,NODE-LEVEL-TIMED,10,False,"[3, 3, 3]","[3, 3, 3]","[3, 2, 2]","[4, 2, 1]"
su2random_indep_qiskit_7,7,420,413,7,350,3,1.3,4,520.0,350.0,0.6730769230769231,300.0005588531494,0.012507200241088867,NODE-LEVEL-TIMED,8,False,"[4, 4, 4]","[4, 4, 4]","[4, 1, 2]","[4, 3, 0]"
su2random_indep_qiskit_8,8,552,544,8,460,3,1.0,3,640.0,340.0,0.53125,300.00071907043457,0.02264404296875,NODE-LEVEL-TIMED,6,False,"[3, 3, 3]","[3, 3, 3]","[3, 3, 2]","[5, 2, 1]"
su2random_indep_qiskit_8,8,552,544,8,460,3,1.1,3,640.0,340.0,0.53125,300.00064516067505,0.022969961166381836,NODE-LEVEL-TIMED,6,False,"[3, 3, 3]","[3, 3, 3]","[3, 3, 2]","[5, 2, 1]"
su2random_indep_qiskit_8,8,552,544,8,460,3,1.2,4,760.0,560.0,0.7368421052631579,300.00065898895264,0.021191120147705078,NODE-LEVEL-TIMED,22,False,"[4, 4, 4]","[4, 4, 4]","[4, 3, 1]","[4, 3, 1]"
su2random_indep_qiskit_8,8,552,544,8,460,3,1.3,4,760.0,560.0,0.7368421052631579,300.00073313713074,0.022051095962524414,NODE-LEVEL-TIMED,22,False,"[4, 4, 4]","[4, 4, 4]","[4, 3, 1]","[4, 3, 1]"
su2random_indep_qiskit_9,9,702,693,9,585,3,1.0,3,810.0,340.0,0.41975308641975306,4.927333116531372,0.03492116928100586,NODE-LEVEL-TIMED,7,False,"[3, 3, 3]","[3, 3, 3]","[3, 3, 3]","[6, 2, 1]"
su2random_indep_qiskit_9,9,702,693,9,585,3,1.1,4,850.0,770.0,0.9058823529411765,300.0009460449219,0.03406810760498047,NODE-LEVEL-TIMED,18,False,"[4, 4, 4]","[4, 4, 4]","[4, 3, 2]","[4, 3, 2]"
su2random_indep_qiskit_9,9,702,693,9,585,3,1.2,4,850.0,770.0,0.9058823529411765,300.00090885162354,0.038144826889038086,NODE-LEVEL-TIMED,18,False,"[4, 4, 4]","[4, 4, 4]","[4, 3, 2]","[4, 3, 2]"
su2random_indep_qiskit_9,9,702,693,9,585,3,1.3,4,850.0,770.0,0.9058823529411765,300.00093483924866,0.03440999984741211,NODE-LEVEL-TIMED,18,False,"[4, 4, 4]","[4, 4, 4]","[4, 3, 2]","[4, 3, 2]"
tsp_indep_qiskit_9,9,312,303,9,263,3,1.0,3,100.0,130.0,1.3,0.842987060546875,0.00798487663269043,NODE-LEVEL-TIMED,35,False,"[3, 3, 3]","[3, 3, 3]","[3, 3, 3]","[6, 2, 1]"
tsp_indep_qiskit_9,9,312,303,9,263,3,1.1,4,320.0,130.0,0.40625,300.0004529953003,0.007180929183959961,NODE-LEVEL-TIMED,18,False,"[4, 4, 4]","[4, 4, 4]","[4, 3, 2]","[4, 3, 2]"
tsp_indep_qiskit_9,9,312,303,9,263,3,1.2,4,320.0,130.0,0.40625,300.000431060791,0.007208824157714844,NODE-LEVEL-TIMED,18,False,"[4, 4, 4]","[4, 4, 4]","[4, 3, 2]","[4, 3, 2]"
tsp_indep_qiskit_9,9,312,303,9,263,3,1.3,4,320.0,130.0,0.40625,300.0007209777832,0.0073201656341552734,NODE-LEVEL-TIMED,18,False,"[4, 4, 4]","[4, 4, 4]","[4, 3, 2]","[4, 3, 2]"
twolocalrandom_indep_qiskit_10,10,870,860,10,725,3,1.0,4,1040.0,770.0,0.7403846153846154,300.0011360645294,0.051570892333984375,NODE-LEVEL-TIMED,40,False,"[4, 4, 4]","[4, 4, 4]","[3, 4, 3]","[5, 3, 2]"
twolocalrandom_indep_qiskit_10,10,870,860,10,725,3,1.1,4,1040.0,770.0,0.7403846153846154,300.0011649131775,0.05165529251098633,NODE-LEVEL-TIMED,40,False,"[4, 4, 4]","[4, 4, 4]","[3, 4, 3]","[5, 3, 2]"
twolocalrandom_indep_qiskit_10,10,870,860,10,725,3,1.2,4,1040.0,770.0,0.7403846153846154,300.0012741088867,0.05773305892944336,NODE-LEVEL-TIMED,40,False,"[4, 4, 4]","[4, 4, 4]","[3, 4, 3]","[5, 3, 2]"
twolocalrandom_indep_qiskit_10,10,870,860,10,725,3,1.3,5,1150.0,880.0,0.7652173913043478,300.0014729499817,0.052427053451538086,NODE-LEVEL-TIMED,35,False,"[5, 5, 5]","[5, 5, 5]","[4, 3, 3]","[5, 4, 1]"
twolocalrandom_indep_qiskit_6,6,306,300,6,255,3,1.0,2,360.0,160.0,0.4444444444444444,0.09531903266906738,0.008025884628295898,NODE-LEVEL-TIMED,5,False,"[2, 2, 2]","[2, 2, 2]","[2, 2, 2]","[4, 1, 1]"
twolocalrandom_indep_qiskit_6,6,306,300,6,255,3,1.1,3,390.0,340.0,0.8717948717948718,446.7535729408264,0.012604236602783203,NODE-LEVEL-TIMED,12,False,"[3, 3, 3]","[3, 3, 3]","[3, 1, 2]","[3, 2, 1]"
twolocalrandom_indep_qiskit_6,6,306,300,6,255,3,1.2,3,390.0,340.0,0.8717948717948718,326.0901072025299,0.02889418601989746,NODE-LEVEL-TIMED,12,False,"[3, 3, 3]","[3, 3, 3]","[3, 1, 2]","[3, 2, 1]"
twolocalrandom_indep_qiskit_6,6,306,300,6,255,3,1.3,3,390.0,340.0,0.8717948717948718,346.8302798271179,0.016102075576782227,NODE-LEVEL-TIMED,12,False,"[3, 3, 3]","[3, 3, 3]","[3, 1, 2]","[3, 2, 1]"
twolocalrandom_indep_qiskit_7,7,420,413,7,350,3,1.0,3,530.0,340.0,0.6415094339622641,334.98674631118774,0.029413938522338867,NODE-LEVEL-TIMED,10,False,"[3, 3, 3]","[3, 3, 3]","[3, 2, 2]","[4, 2, 1]"
twolocalrandom_indep_qiskit_7,7,420,413,7,350,3,1.1,3,530.0,340.0,0.6415094339622641,300.4798860549927,0.02938699722290039,NODE-LEVEL-TIMED,10,False,"[3, 3, 3]","[3, 3, 3]","[3, 2, 2]","[4, 2, 1]"
twolocalrandom_indep_qiskit_7,7,420,413,7,350,3,1.2,3,530.0,340.0,0.6415094339622641,309.96527194976807,0.029031991958618164,NODE-LEVEL-TIMED,10,False,"[3, 3, 3]","[3, 3, 3]","[3, 2, 2]","[4, 2, 1]"
twolocalrandom_indep_qiskit_7,7,420,413,7,350,3,1.3,4,520.0,350.0,0.6730769230769231,3154.453536272049,0.05164384841918945,NODE-LEVEL-TIMED,8,False,"[4, 4, 4]","[4, 4, 4]","[4, 1, 2]","[4, 3, 0]"
twolocalrandom_indep_qiskit_8,8,552,544,8,460,3,1.0,3,640.0,340.0,0.53125,300.00081515312195,0.02342391014099121,NODE-LEVEL-TIMED,6,False,"[3, 3, 3]","[3, 3, 3]","[3, 3, 2]","[5, 2, 1]"
twolocalrandom_indep_qiskit_8,8,552,544,8,460,3,1.1,3,640.0,340.0,0.53125,300.00071930885315,0.02251911163330078,NODE-LEVEL-TIMED,6,False,"[3, 3, 3]","[3, 3, 3]","[3, 3, 2]","[5, 2, 1]"
twolocalrandom_indep_qiskit_8,8,552,544,8,460,3,1.2,4,760.0,560.0,0.7368421052631579,300.0007131099701,0.022662878036499023,NODE-LEVEL-TIMED,22,False,"[4, 4, 4]","[4, 4, 4]","[4, 3, 1]","[4, 3, 1]"
twolocalrandom_indep_qiskit_8,8,552,544,8,460,3,1.3,4,760.0,560.0,0.7368421052631579,300.00075101852417,0.020785093307495117,NODE-LEVEL-TIMED,22,False,"[4, 4, 4]","[4, 4, 4]","[4, 3, 1]","[4, 3, 1]"
twolocalrandom_indep_qiskit_9,9,702,693,9,585,3,1.0,3,810.0,340.0,0.41975308641975306,5.245194911956787,0.03429079055786133,NODE-LEVEL-TIMED,7,False,"[3, 3, 3]","[3, 3, 3]","[3, 3, 3]","[6, 2, 1]"
twolocalrandom_indep_qiskit_9,9,702,693,9,585,3,1.1,4,850.0,770.0,0.9058823529411765,300.0009002685547,0.03270721435546875,NODE-LEVEL-TIMED,18,False,"[4, 4, 4]","[4, 4, 4]","[4, 3, 2]","[4, 3, 2]"
twolocalrandom_indep_qiskit_9,9,702,693,9,585,3,1.2,4,850.0,770.0,0.9058823529411765,300.00087428092957,0.03422427177429199,NODE-LEVEL-TIMED,18,False,"[4, 4, 4]","[4, 4, 4]","[4, 3, 2]","[4, 3, 2]"
twolocalrandom_indep_qiskit_9,9,702,693,9,585,3,1.3,4,850.0,770.0,0.9058823529411765,300.00095415115356,0.03467917442321777,NODE-LEVEL-TIMED,18,False,"[4, 4, 4]","[4, 4, 4]","[4, 3, 2]","[4, 3, 2]"
vqe_indep_qiskit_10,10,158,148,10,130,3,1.0,4,40.0,40.0,1.0,300.00019001960754,0.002020120620727539,NODE-LEVEL-TIMED,65,False,"[4, 4, 4]","[4, 4, 4]","[4, 4, 2]","[4, 3, 3]"
vqe_indep_qiskit_10,10,158,148,10,130,3,1.1,4,40.0,40.0,1.0,300.00018405914307,0.0019998550415039062,NODE-LEVEL-TIMED,65,False,"[4, 4, 4]","[4, 4, 4]","[4, 4, 2]","[4, 3, 3]"
vqe_indep_qiskit_10,10,158,148,10,130,3,1.2,4,40.0,40.0,1.0,300.0001940727234,0.001992940902709961,NODE-LEVEL-TIMED,65,False,"[4, 4, 4]","[4, 4, 4]","[4, 4, 2]","[4, 3, 3]"
vqe_indep_qiskit_10,10,158,148,10,130,3,1.3,5,150.0,70.0,0.4666666666666667,300.0002210140228,0.0019237995147705078,NODE-LEVEL-TIMED,30,False,"[5, 5, 5]","[5, 5, 5]","[5, 3, 2]","[5, 1, 4]"
vqe_indep_qiskit_6,6,90,84,6,74,3,1.0,2,40.0,40.0,1.0,0.046682119369506836,0.0009260177612304688,NODE-LEVEL-TIMED,20,False,"[2, 2, 2]","[2, 2, 2]","[2, 2, 2]","[4, 1, 1]"
vqe_indep_qiskit_6,6,90,84,6,74,3,1.1,3,20.0,50.0,2.5,118.89671301841736,0.00090789794921875,NODE-LEVEL-TIMED,59,False,"[3, 3, 2]","[3, 3, 3]","[2, 3, 1]","[3, 1, 2]"
vqe_indep_qiskit_6,6,90,84,6,74,3,1.2,3,20.0,50.0,2.5,118.02003693580627,0.0010437965393066406,NODE-LEVEL-TIMED,59,False,"[3, 3, 2]","[3, 3, 3]","[2, 3, 1]","[3, 1, 2]"
vqe_indep_qiskit_6,6,90,84,6,74,3,1.3,3,20.0,50.0,2.5,118.25628590583801,0.0009350776672363281,NODE-LEVEL-TIMED,59,False,"[3, 3, 2]","[3, 3, 3]","[2, 3, 1]","[3, 1, 2]"
vqe_indep_qiskit_7,7,107,100,7,88,3,1.0,3,40.0,40.0,1.0,300.0001540184021,0.0011889934539794922,NODE-LEVEL-TIMED,53,False,"[3, 3, 3]","[3, 3, 3]","[2, 3, 2]","[3, 2, 2]"
vqe_indep_qiskit_7,7,107,100,7,88,3,1.1,3,40.0,40.0,1.0,300.00014424324036,0.0011730194091796875,NODE-LEVEL-TIMED,53,False,"[3, 3, 3]","[3, 3, 3]","[2, 3, 2]","[3, 2, 2]"
vqe_indep_qiskit_7,7,107,100,7,88,3,1.2,3,40.0,40.0,1.0,300.0001530647278,0.001222848892211914,NODE-LEVEL-TIMED,53,False,"[3, 3, 3]","[3, 3, 3]","[2, 3, 2]","[3, 2, 2]"
vqe_indep_qiskit_7,7,107,100,7,88,3,1.3,4,110.0,30.0,0.2727272727272727,300.0001699924469,0.0012569427490234375,NODE-LEVEL-TIMED,75,False,"[4, 4, 4]","[4, 4, 1]","[2, 3, 2]","[4, 3, 0]"
vqe_indep_qiskit_8,8,124,116,8,102,3,1.0,3,40.0,40.0,1.0,7.211441993713379,0.001596212387084961,NODE-LEVEL-TIMED,69,False,"[3, 3, 3]","[3, 3, 3]","[2, 3, 3]","[4, 2, 2]"
vqe_indep_qiskit_8,8,124,116,8,102,3,1.1,3,40.0,40.0,1.0,7.218553066253662,0.0014662742614746094,NODE-LEVEL-TIMED,69,False,"[3, 3, 3]","[3, 3, 3]","[2, 3, 3]","[4, 2, 2]"
vqe_indep_qiskit_8,8,124,116,8,102,3,1.2,4,90.0,60.0,0.6666666666666666,300.00018882751465,0.0013670921325683594,NODE-LEVEL-TIMED,117,False,"[4, 4, 4]","[4, 4, 4]","[2, 4, 2]","[4, 1, 3]"
vqe_indep_qiskit_8,8,124,116,8,102,3,1.3,4,90.0,60.0,0.6666666666666666,300.00017619132996,0.001329183578491211,NODE-LEVEL-TIMED,117,False,"[4, 4, 4]","[4, 4, 4]","[2, 4, 2]","[4, 1, 3]"
vqe_indep_qiskit_9,9,141,132,9,116,3,1.0,3,40.0,40.0,1.0,5.948904275894165,0.0018169879913330078,NODE-LEVEL-TIMED,35,False,"[3, 3, 3]","[3, 3, 3]","[3, 3, 3]","[5, 2, 2]"
vqe_indep_qiskit_9,9,141,132,9,116,3,1.1,4,70.0,60.0,0.8571428571428571,300.0001721382141,0.0015909671783447266,NODE-LEVEL-TIMED,107,False,"[4, 4, 4]","[4, 4, 4]","[3, 3, 3]","[4, 2, 3]"
vqe_indep_qiskit_9,9,141,132,9,116,3,1.2,4,70.0,60.0,0.8571428571428571,300.00017786026,0.0015711784362792969,NODE-LEVEL-TIMED,107,False,"[4, 4, 4]","[4, 4, 4]","[3, 3, 3]","[4, 2, 3]"
vqe_indep_qiskit_9,9,141,132,9,116,3,1.3,4,70.0,60.0,0.8571428571428571,300.00017380714417,0.001585245132446289,NODE-LEVEL-TIMED,107,False,"[4, 4, 4]","[4, 4, 4]","[3, 3, 3]","[4, 2, 3]"
wstate_indep_qiskit_10,10,147,137,10,119,3,1.0,4,40.0,40.0,1.0,300.00018095970154,0.0017859935760498047,NODE-LEVEL-TIMED,119,False,"[4, 4, 4]","[4, 4, 4]","[3, 4, 3]","[4, 3, 3]"
wstate_indep_qiskit_10,10,147,137,10,119,3,1.1,4,40.0,40.0,1.0,300.00017404556274,0.0017561912536621094,NODE-LEVEL-TIMED,119,False,"[4, 4, 4]","[4, 4, 4]","[3, 4, 3]","[4, 3, 3]"
wstate_indep_qiskit_10,10,147,137,10,119,3,1.2,4,40.0,40.0,1.0,300.0001850128174,0.0017080307006835938,NODE-LEVEL-TIMED,119,False,"[4, 4, 4]","[4, 4, 4]","[3, 4, 3]","[4, 3, 3]"
wstate_indep_qiskit_10,10,147,137,10,119,3,1.3,5,140.0,70.0,0.5,300.000205039978,0.0015671253204345703,NODE-LEVEL-TIMED,80,False,"[5, 5, 5]","[5, 5, 5]","[4, 3, 3]","[5, 2, 3]"
wstate_indep_qiskit_6,6,83,77,6,67,3,1.0,2,40.0,40.0,1.0,0.03515124320983887,0.000881195068359375,NODE-LEVEL-TIMED,20,False,"[2, 2, 2]","[2, 2, 2]","[2, 2, 2]","[4, 1, 1]"
wstate_indep_qiskit_6,6,83,77,6,67,3,1.1,3,20.0,50.0,2.5,34.47647786140442,0.0008447170257568359,NODE-LEVEL-TIMED,58,False,"[3, 3, 2]","[3, 3, 3]","[2, 3, 1]","[3, 1, 2]"
wstate_indep_qiskit_6,6,83,77,6,67,3,1.2,3,20.0,50.0,2.5,34.01823878288269,0.0008518695831298828,NODE-LEVEL-TIMED,58,False,"[3, 3, 2]","[3, 3, 3]","[2, 3, 1]","[3, 1, 2]"
wstate_indep_qiskit_6,6,83,77,6,67,3,1.3,3,20.0,50.0,2.5,34.115586042404175,0.0008497238159179688,NODE-LEVEL-TIMED,58,False,"[3, 3, 2]","[3, 3, 3]","[2, 3, 1]","[3, 1, 2]"
wstate_indep_qiskit_7,7,99,92,7,80,3,1.0,3,40.0,40.0,1.0,33.64079999923706,0.0010712146759033203,NODE-LEVEL-TIMED,49,False,"[3, 3, 3]","[3, 3, 3]","[1, 3, 3]","[3, 2, 2]"
wstate_indep_qiskit_7,7,99,92,7,80,3,1.1,3,40.0,40.0,1.0,33.42872929573059,0.0010492801666259766,NODE-LEVEL-TIMED,49,False,"[3, 3, 3]","[3, 3, 3]","[1, 3, 3]","[3, 2, 2]"
wstate_indep_qiskit_7,7,99,92,7,80,3,1.2,3,40.0,40.0,1.0,33.63750386238098,0.0010528564453125,NODE-LEVEL-TIMED,49,False,"[3, 3, 3]","[3, 3, 3]","[1, 3, 3]","[3, 2, 2]"
wstate_indep_qiskit_7,7,99,92,7,80,3,1.3,4,70.0,30.0,0.42857142857142855,300.0001518726349,0.0011260509490966797,NODE-LEVEL-TIMED,58,False,"[4, 4, 4]","[4, 4, 1]","[3, 4, 0]","[4, 3, 0]"
wstate_indep_qiskit_8,8,115,107,8,93,3,1.0,3,40.0,40.0,1.0,22.077204942703247,0.0012841224670410156,NODE-LEVEL-TIMED,94,False,"[3, 3, 3]","[3, 3, 3]","[2, 3, 3]","[4, 2, 2]"
wstate_indep_qiskit_8,8,115,107,8,93,3,1.1,3,40.0,40.0,1.0,22.519787788391113,0.0012819766998291016,NODE-LEVEL-TIMED,94,False,"[3, 3, 3]","[3, 3, 3]","[2, 3, 3]","[4, 2, 2]"
wstate_indep_qiskit_8,8,115,107,8,93,3,1.2,4,110.0,60.0,0.5454545454545454,300.00018191337585,0.001226186752319336,NODE-LEVEL-TIMED,81,False,"[4, 4, 4]","[4, 4, 4]","[3, 2, 3]","[4, 1, 3]"
wstate_indep_qiskit_8,8,115,107,8,93,3,1.3,4,110.0,60.0,0.5454545454545454,300.00016474723816,0.0012052059173583984,NODE-LEVEL-TIMED,81,False,"[4, 4, 4]","[4, 4, 4]","[3, 2, 3]","[4, 1, 3]"
wstate_indep_qiskit_9,9,131,122,9,106,3,1.0,3,40.0,40.0,1.0,3.207476854324341,0.0015611648559570312,NODE-LEVEL-TIMED,35,False,"[3, 3, 3]","[3, 3, 3]","[3, 3, 3]","[5, 2, 2]"
wstate_indep_qiskit_9,9,131,122,9,106,3,1.1,4,50.0,60.0,1.2,300.00018191337585,0.0014460086822509766,NODE-LEVEL-TIMED,128,False,"[4, 4, 4]","[4, 4, 4]","[2, 3, 4]","[4, 3, 2]"
wstate_indep_qiskit_9,9,131,122,9,106,3,1.2,4,50.0,60.0,1.2,300.0002191066742,0.0014340877532958984,NODE-LEVEL-TIMED,128,False,"[4, 4, 4]","[4, 4, 4]","[2, 3, 4]","[4, 3, 2]"
wstate_indep_qiskit_9,9,131,122,9,106,3,1.3,4,50.0,60.0,1.2,300.00017189979553,0.0014071464538574219,NODE-LEVEL-TIMED,128,False,"[4, 4, 4]","[4, 4, 4]","[2, 3, 4]","[4, 3, 2]"
